Item,policy_cluster,inventory_model,SS,ROP,EOQ,s,S,production_level
300007,MTO,,0.0,0.0,0.0,0.0,0.0,raw_material
300019,Dynamic,"(s,S)",3182.28,3328.96,1405.58,3328.96,4734.53,finished_products
300021,MTO,,0.0,0.0,0.0,0.0,0.0,raw_material
300027,MTO,,0.0,0.0,0.0,0.0,0.0,raw_material
300042,Dynamic,"(s,S)",940.42,983.8,764.44,983.8,1748.24,finished_products
300082,Dynamic,"(s,S)",845.04,890.38,781.49,890.38,1671.88,finished_products
300091,MTS,EOQ-ROP,550.06,750.03,1641.16,750.03,2391.19,finished_products
300092,Dynamic,"(s,S)",1312.85,1378.87,942.95,1378.87,2321.82,finished_products
300111,Dynamic,"(s,S)",522.65,547.93,583.5,547.93,1131.44,finished_products
300120,Dynamic,"(s,S)",1796.54,1921.72,1298.48,1921.72,3220.19,finished_products
300125,Dynamic,"(s,S)",573.52,609.66,697.7,609.66,1307.36,finished_products
300132,Dynamic,"(s,S)",596.31,625.32,625.12,625.32,1250.44,finished_products
300133,Dynamic,"(s,S)",277.37,290.09,413.81,290.09,703.9,finished_products
300157,Dynamic,"(s,S)",283.19,296.17,418.12,296.17,714.29,finished_products
300161,Dynamic,"(s,S)",1917.47,2092.3,1534.54,2092.3,3626.84,finished_products
300163,Dynamic,"(s,S)",240.45,251.48,385.3,251.48,636.78,finished_products
300170,MTO,,0.0,0.0,0.0,0.0,0.0,raw_material
300188,MTO,,0.0,0.0,0.0,0.0,0.0,raw_material
300189,MTO,,0.0,0.0,0.0,0.0,0.0,raw_material
300194,MTS,EOQ-ROP,806.76,1067.74,1874.9,1067.74,2942.63,finished_products
300198,MTO,,0.0,0.0,0.0,0.0,0.0,raw_material
300199,Dynamic,"(s,S)",1033.91,1084.84,828.23,1084.84,1913.07,finished_products
300200,Dynamic,"(s,S)",449.2,470.48,535.35,470.48,1005.82,finished_products
300203,Dynamic,"(s,S)",440.04,460.58,526.03,460.58,986.61,finished_products
300204,Dynamic,"(s,S)",415.34,435.34,519.04,435.34,954.38,finished_products
300206,MTO,,0.0,0.0,0.0,0.0,0.0,raw_material
300208,MTO,,0.0,0.0,0.0,0.0,0.0,raw_material
300212,Dynamic,"(s,S)",348.54,366.08,485.96,366.08,852.03,finished_products
300214,MTO,,0.0,0.0,0.0,0.0,0.0,raw_material
300216,MTO,,0.0,0.0,0.0,0.0,0.0,raw_material
300220,Dynamic,"(s,S)",718.16,751.09,665.96,751.09,1417.05,finished_products
300228,MTO,,0.0,0.0,0.0,0.0,0.0,raw_material
300234,MTO,,0.0,0.0,0.0,0.0,0.0,raw_material
300238,Dynamic,"(s,S)",429.26,451.43,546.47,451.43,997.9,finished_products
300240,MTO,,0.0,0.0,0.0,0.0,0.0,raw_material
300241,Dynamic,"(s,S)",292.83,306.86,434.75,306.86,741.61,finished_products
300242,Dynamic,"(s,S)",325.47,340.39,448.22,340.39,788.61,finished_products
300243,MTO,,0.0,0.0,0.0,0.0,0.0,raw_material
300245,MTO,,0.0,0.0,0.0,0.0,0.0,raw_material
300254,MTO,,0.0,0.0,0.0,0.0,0.0,raw_material
300255,MTO,,0.0,0.0,0.0,0.0,0.0,raw_material
300258,MTO,,0.0,0.0,0.0,0.0,0.0,raw_material
300261,Dynamic,"(s,S)",262.77,275.38,412.08,275.38,687.46,finished_products
300265,MTO,,0.0,0.0,0.0,0.0,0.0,raw_material
300266,Dynamic,"(s,S)",669.78,705.95,698.01,705.95,1403.96,finished_products
300272,MTO,,0.0,0.0,0.0,0.0,0.0,raw_material
300273,Dynamic,"(s,S)",434.69,454.64,518.35,454.64,972.99,finished_products
300274,MTO,,0.0,0.0,0.0,0.0,0.0,raw_material
300277,Dynamic,"(s,S)",303.39,317.66,438.53,317.66,756.19,finished_products
300284,MTO,,0.0,0.0,0.0,0.0,0.0,raw_material
300288,Dynamic,"(s,S)",328.01,343.32,454.1,343.32,797.42,finished_products
300290,MTO,,0.0,0.0,0.0,0.0,0.0,raw_material
300291,Dynamic,"(s,S)",2060.78,2212.47,1429.38,2212.47,3641.86,finished_products
300292,MTO,,0.0,0.0,0.0,0.0,0.0,raw_material
300295,MTO,,0.0,0.0,0.0,0.0,0.0,raw_material
300296,Dynamic,"(s,S)",318.66,333.26,443.56,333.26,776.82,finished_products
300297,MTO,,0.0,0.0,0.0,0.0,0.0,raw_material
300306,MTO,,0.0,0.0,0.0,0.0,0.0,raw_material
300310,MTO,,0.0,0.0,0.0,0.0,0.0,raw_material
300312,MTO,,0.0,0.0,0.0,0.0,0.0,raw_material
300313,MTO,,0.0,0.0,0.0,0.0,0.0,raw_material
300315,MTO,,0.0,0.0,0.0,0.0,0.0,raw_material
300323,MTO,,0.0,0.0,0.0,0.0,0.0,raw_material
300324,Dynamic,"(s,S)",587.69,615.27,609.45,615.27,1224.71,finished_products
300337,MTO,,0.0,0.0,0.0,0.0,0.0,raw_material
300347,MTO,,0.0,0.0,0.0,0.0,0.0,raw_material
300352,Dynamic,"(s,S)",848.43,888.53,734.91,888.53,1623.44,finished_products
300355,MTO,,0.0,0.0,0.0,0.0,0.0,raw_material
300359,Dynamic,"(s,S)",370.15,389.1,505.19,389.1,894.29,finished_products
300361,Dynamic,"(s,S)",285.88,298.99,420.17,298.99,719.16,finished_products
300362,MTO,,0.0,0.0,0.0,0.0,0.0,raw_material
300369,Dynamic,"(s,S)",146.66,153.38,300.94,153.38,454.32,finished_products
300370,MTO,,0.0,0.0,0.0,0.0,0.0,raw_material
300374,MTO,,0.0,0.0,0.0,0.0,0.0,raw_material
300376,Dynamic,"(s,S)",363.61,381.09,485.22,381.09,866.31,finished_products
300378,Dynamic,"(s,S)",957.59,1002.04,773.76,1002.04,1775.79,finished_products
300380,MTO,,0.0,0.0,0.0,0.0,0.0,raw_material
300393,Dynamic,"(s,S)",438.76,458.87,520.42,458.87,979.28,finished_products
300395,MTO,,0.0,0.0,0.0,0.0,0.0,raw_material
300400,Dynamic,"(s,S)",3451.04,3712.81,1877.72,3712.81,5590.53,finished_products
300401,Dynamic,"(s,S)",416.16,436.86,528.07,436.86,964.93,finished_products
300403,MTO,,0.0,0.0,0.0,0.0,0.0,raw_material
300408,MTO,,0.0,0.0,0.0,0.0,0.0,raw_material
300414,MTO,,0.0,0.0,0.0,0.0,0.0,raw_material
300424,MTO,,0.0,0.0,0.0,0.0,0.0,raw_material
300428,Dynamic,"(s,S)",242.58,253.7,386.97,253.7,640.67,finished_products
300430,Dynamic,"(s,S)",266.02,278.22,405.24,278.22,683.45,finished_products
300432,Dynamic,"(s,S)",343.5,359.24,460.52,359.24,819.76,finished_products
300434,MTO,,0.0,0.0,0.0,0.0,0.0,raw_material
300460,MTO,,0.0,0.0,0.0,0.0,0.0,raw_material
300462,MTO,,0.0,0.0,0.0,0.0,0.0,raw_material
300463,MTO,,0.0,0.0,0.0,0.0,0.0,raw_material
300465,MTO,,0.0,0.0,0.0,0.0,0.0,raw_material
300475,MTO,,0.0,0.0,0.0,0.0,0.0,raw_material
300477,Dynamic,"(s,S)",549.97,585.79,694.61,585.79,1280.4,finished_products
300482,MTO,,0.0,0.0,0.0,0.0,0.0,raw_material
300492,MTO,,0.0,0.0,0.0,0.0,0.0,raw_material
300500,MTO,,0.0,0.0,0.0,0.0,0.0,raw_material
300508,Dynamic,"(s,S)",2034.68,2235.7,1645.48,2235.7,3881.18,finished_products
300510,MTO,,0.0,0.0,0.0,0.0,0.0,raw_material
300836,MTO,,0.0,0.0,0.0,0.0,0.0,raw_material
300856,MTO,,0.0,0.0,0.0,0.0,0.0,raw_material
300882,MTO,,0.0,0.0,0.0,0.0,0.0,raw_material
300928,MTO,,0.0,0.0,0.0,0.0,0.0,raw_material
301111,Dynamic,"(s,S)",522.82,547.34,574.72,547.34,1122.06,finished_products
301116,MTO,,0.0,0.0,0.0,0.0,0.0,raw_material
301133,Dynamic,"(s,S)",1614.7,1724.5,1216.13,1724.5,2940.63,finished_products
301134,Dynamic,"(s,S)",828.12,870.18,752.63,870.18,1622.81,finished_products
301162,MTO,,0.0,0.0,0.0,0.0,0.0,raw_material
301203,Dynamic,"(s,S)",2593.75,2782.27,1593.5,2782.27,4375.77,finished_products
301213,MTS,EOQ-ROP,1138.46,1771.08,2919.06,1771.08,4690.13,finished_products
301223,MTS,EOQ-ROP,985.31,1438.57,2470.84,1438.57,3909.41,finished_products
301256,Dynamic,"(s,S)",1572.46,1736.76,1487.64,1736.76,3224.41,finished_products
301282,Dynamic,"(s,S)",3055.46,3285.44,1760.02,3285.44,5045.46,finished_products
301470,Dynamic,"(s,S)",4251.36,4545.77,1991.35,4545.77,6537.12,finished_products
301578,Dynamic,"(s,S)",2262.93,2400.37,1360.61,2400.37,3760.98,finished_products
301607,Dynamic,"(s,S)",916.74,987.49,976.25,987.49,1963.75,finished_products
301685,Dynamic,"(s,S)",242.65,254.04,391.57,254.04,645.61,finished_products
301698,Dynamic,"(s,S)",366.2,385.69,512.37,385.69,898.05,finished_products
301770,MTO,,0.0,0.0,0.0,0.0,0.0,raw_material
301792,Dynamic,"(s,S)",322.62,337.78,451.88,337.78,789.67,finished_products
301832,Dynamic,"(s,S)",5560.78,5914.34,2182.25,5914.34,8096.59,finished_products
301862,Dynamic,"(s,S)",1578.81,1727.23,1413.91,1727.23,3141.14,finished_products
301876,Dynamic,"(s,S)",1314.09,1411.86,1147.56,1411.86,2559.42,finished_products
301877,Dynamic,"(s,S)",2503.17,2744.63,1803.41,2744.63,4548.04,finished_products
301878,MTS,EOQ-ROP,1247.28,1675.65,2402.03,1675.65,4077.67,finished_products
301879,MTS,EOQ-ROP,750.11,1040.45,1977.52,1040.45,3017.97,finished_products
301880,Dynamic,"(s,S)",2976.7,3247.43,1909.58,3247.43,5157.01,finished_products
301881,MTS,EOQ-ROP,424.12,586.3,1477.98,586.3,2064.28,finished_products
301882,MTS,EOQ-ROP,508.96,705.92,1628.76,705.92,2334.68,finished_products
301883,Dynamic,"(s,S)",1495.81,1638.38,1385.76,1638.38,3024.14,finished_products
301884,MTS,EOQ-ROP,1074.27,1481.41,2341.76,1481.41,3823.17,finished_products
301886,Dynamic,"(s,S)",2661.74,2885.02,1734.18,2885.02,4619.2,finished_products
301887,Dynamic,"(s,S)",2658.02,2898.34,1799.15,2898.34,4697.49,finished_products
301888,Dynamic,"(s,S)",1430.4,1500.78,973.61,1500.78,2474.38,finished_products
301889,MTS,EOQ-ROP,689.6,1005.78,2063.65,1005.78,3069.43,finished_products
301890,Dynamic,"(s,S)",1980.06,2143.65,1484.41,2143.65,3628.06,finished_products
301891,Dynamic,"(s,S)",1773.69,1915.61,1382.6,1915.61,3298.21,finished_products
301892,Dynamic,"(s,S)",2698.01,2956.55,1866.09,2956.55,4822.63,finished_products
301893,MTS,EOQ-ROP,879.06,1287.17,2344.55,1287.17,3631.71,finished_products
301894,MTS,EOQ-ROP,648.05,907.97,1871.07,907.97,2779.04,finished_products
301895,MTS,EOQ-ROP,834.11,1203.67,2231.08,1203.67,3434.75,finished_products
301896,Dynamic,"(s,S)",8393.33,9081.09,3043.62,9081.09,12124.71,finished_products
301897,Dynamic,"(s,S)",4520.23,4821.15,2013.25,4821.15,6834.4,finished_products
301907,MTO,,0.0,0.0,0.0,0.0,0.0,raw_material
301912,Dynamic,"(s,S)",3794.2,4069.6,1926.02,4069.6,5995.62,finished_products
301996,MTO,,0.0,0.0,0.0,0.0,0.0,raw_material
302002,Dynamic,"(s,S)",1182.08,1279.05,1142.87,1279.05,2421.92,finished_products
302005,MTS,EOQ-ROP,504.55,763.22,1866.58,763.22,2629.81,finished_products
302006,MTS,EOQ-ROP,1055.38,1353.96,2005.4,1353.96,3359.37,finished_products
302007,Dynamic,"(s,S)",2815.25,3023.0,1672.82,3023.0,4695.82,finished_products
302008,Dynamic,"(s,S)",3025.11,3260.51,1780.62,3260.51,5041.13,finished_products
302009,Dynamic,"(s,S)",3505.16,3749.97,1815.88,3749.97,5565.85,finished_products
302010,MTS,EOQ-ROP,962.29,1271.88,2042.05,1271.88,3313.93,finished_products
302011,MTS,EOQ-ROP,1481.76,2179.76,3066.18,2179.76,5245.94,finished_products
302044,Dynamic,"(s,S)",1710.8,1881.16,1514.8,1881.16,3395.96,finished_products
302045,Dynamic,"(s,S)",936.31,1017.08,1043.03,1017.08,2060.11,finished_products
302046,Dynamic,"(s,S)",4401.89,4754.63,2179.69,4754.63,6934.31,finished_products
302047,MTS,EOQ-ROP,1063.72,1566.85,2603.23,1566.85,4170.09,finished_products
302048,Dynamic,"(s,S)",1588.52,1756.71,1505.12,1756.71,3261.83,finished_products
302049,Dynamic,"(s,S)",2011.53,2178.35,1498.97,2178.35,3677.32,finished_products
302050,Dynamic,"(s,S)",1732.75,1877.74,1397.5,1877.74,3275.24,finished_products
302061,MTS,EOQ-ROP,1173.31,1606.01,2414.17,1606.01,4020.18,finished_products
302064,Dynamic,"(s,S)",1147.44,1242.98,1134.44,1242.98,2377.42,finished_products
302065,MTS,EOQ-ROP,921.65,1261.7,2140.14,1261.7,3401.84,finished_products
302066,Dynamic,"(s,S)",1812.89,1978.11,1491.78,1978.11,3469.89,finished_products
302067,Dynamic,"(s,S)",6747.62,7279.68,2677.02,7279.68,9956.7,finished_products
302068,Dynamic,"(s,S)",2800.13,2983.5,1571.58,2983.5,4555.08,finished_products
302069,Dynamic,"(s,S)",3844.07,4138.84,1992.57,4138.84,6131.41,finished_products
302070,Dynamic,"(s,S)",477.72,502.47,577.33,502.47,1079.8,finished_products
302083,Dynamic,"(s,S)",2901.38,3184.14,1951.55,3184.14,5135.69,finished_products
302084,Dynamic,"(s,S)",2191.73,2385.13,1614.0,2385.13,3999.14,finished_products
302086,Dynamic,"(s,S)",6119.72,6442.02,2083.55,6442.02,8525.58,finished_products
302088,Dynamic,"(s,S)",1099.67,1190.92,1108.63,1190.92,2299.55,finished_products
302089,Dynamic,"(s,S)",1219.26,1315.24,1137.03,1315.24,2452.27,finished_products
302090,Dynamic,"(s,S)",1736.78,1854.09,1257.04,1854.09,3111.13,finished_products
302091,MTS,EOQ-ROP,985.05,1399.76,2363.45,1399.76,3763.21,finished_products
302092,Dynamic,"(s,S)",3118.72,3372.02,1847.1,3372.02,5219.11,finished_products
302093,MTS,EOQ-ROP,876.21,1232.18,2189.66,1232.18,3421.83,finished_products
302094,Dynamic,"(s,S)",1655.63,1763.84,1207.26,1763.84,2971.1,finished_products
302095,Dynamic,"(s,S)",2881.25,3147.69,1894.44,3147.69,5042.13,finished_products
302096,Dynamic,"(s,S)",2698.44,2880.25,1564.87,2880.25,4445.12,finished_products
302100,Dynamic,"(s,S)",2062.55,2193.01,1325.56,2193.01,3518.57,finished_products
302101,Dynamic,"(s,S)",2072.47,2180.33,1205.36,2180.33,3385.69,finished_products
302102,Dynamic,"(s,S)",1273.48,1353.54,1038.49,1353.54,2392.03,finished_products
302103,Dynamic,"(s,S)",1672.67,1767.69,1131.28,1767.69,2898.96,finished_products
302104,Dynamic,"(s,S)",1146.06,1204.19,884.86,1204.19,2089.05,finished_products
302105,Dynamic,"(s,S)",3566.33,3784.52,1714.32,3784.52,5498.84,finished_products
302106,Dynamic,"(s,S)",1848.59,1951.72,1178.61,1951.72,3130.33,finished_products
302107,Dynamic,"(s,S)",1052.52,1102.54,820.76,1102.54,1923.29,finished_products
302108,Dynamic,"(s,S)",3038.94,3209.96,1517.73,3209.96,4727.69,finished_products
302112,MTO,,0.0,0.0,0.0,0.0,0.0,raw_material
302113,Dynamic,"(s,S)",1611.46,1703.22,1111.73,1703.22,2814.95,finished_products
302114,Dynamic,"(s,S)",1010.49,1068.56,884.37,1068.56,1952.94,finished_products
302115,Dynamic,"(s,S)",1853.52,1938.72,1071.29,1938.72,3010.02,finished_products
302116,Dynamic,"(s,S)",2475.58,2597.13,1279.58,2597.13,3876.71,finished_products
302120,MTO,,0.0,0.0,0.0,0.0,0.0,raw_material
302123,Dynamic,"(s,S)",1637.27,1738.3,1166.51,1738.3,2904.81,finished_products
302124,MTO,,0.0,0.0,0.0,0.0,0.0,raw_material
302125,MTO,,0.0,0.0,0.0,0.0,0.0,raw_material
302126,Dynamic,"(s,S)",2438.55,2556.01,1257.78,2556.01,3813.79,finished_products
302127,Dynamic,"(s,S)",3390.56,3601.31,1684.81,3601.31,5286.11,finished_products
302128,Dynamic,"(s,S)",3561.46,3801.95,1799.79,3801.95,5601.74,finished_products
302129,Dynamic,"(s,S)",3401.72,3585.63,1573.86,3585.63,5159.49,finished_products
302130,Dynamic,"(s,S)",3462.61,3710.14,1825.91,3710.14,5536.05,finished_products
302131,Dynamic,"(s,S)",3602.34,3850.16,1827.01,3850.16,5677.17,finished_products
302132,Dynamic,"(s,S)",1832.45,1924.24,1111.92,1924.24,3036.16,finished_products
302133,MTO,,0.0,0.0,0.0,0.0,0.0,raw_material
302135,Dynamic,"(s,S)",1313.26,1408.14,1130.45,1408.14,2538.59,finished_products
302136,MTS,EOQ-ROP,529.51,825.98,1998.32,825.98,2824.3,finished_products
302137,Dynamic,"(s,S)",3094.17,3360.78,1895.0,3360.78,5255.78,finished_products
302143,Dynamic,"(s,S)",211.22,220.9,361.11,220.9,582.01,finished_products
302146,Dynamic,"(s,S)",501.17,527.88,599.73,527.88,1127.61,finished_products
302148,Dynamic,"(s,S)",1387.16,1456.0,962.95,1456.0,2418.95,finished_products
302149,Dynamic,"(s,S)",201.81,211.53,361.9,211.53,573.44,finished_products
302150,Dynamic,"(s,S)",3140.89,3342.33,1647.18,3342.33,4989.51,finished_products
302151,Dynamic,"(s,S)",1596.15,1677.06,1043.92,1677.06,2720.98,finished_products
302153,Dynamic,"(s,S)",1513.01,1647.08,1343.81,1647.08,2990.9,finished_products
302154,Dynamic,"(s,S)",986.49,1061.19,1003.04,1061.19,2064.23,finished_products
302155,Dynamic,"(s,S)",879.64,925.58,786.61,925.58,1712.19,finished_products
302156,Dynamic,"(s,S)",740.64,778.29,712.13,778.29,1490.42,finished_products
302157,Dynamic,"(s,S)",1439.18,1580.97,1381.98,1580.97,2962.95,finished_products
302158,MTS,EOQ-ROP,763.09,1100.86,2132.97,1100.86,3233.83,finished_products
302159,MTO,,0.0,0.0,0.0,0.0,0.0,raw_material
302160,Dynamic,"(s,S)",1479.59,1570.13,1104.29,1570.13,2674.42,finished_products
302161,Dynamic,"(s,S)",3357.06,3619.8,1881.19,3619.8,5500.99,finished_products
302162,Dynamic,"(s,S)",1720.18,1858.42,1364.55,1858.42,3222.98,finished_products
302163,Dynamic,"(s,S)",1131.33,1210.97,1035.66,1210.97,2246.62,finished_products
302164,Dynamic,"(s,S)",1657.92,1733.93,1011.79,1733.93,2745.71,finished_products
302165,Dynamic,"(s,S)",1466.62,1585.46,1265.16,1585.46,2850.62,finished_products
302166,Dynamic,"(s,S)",1591.8,1723.09,1329.83,1723.09,3052.92,finished_products
302167,Dynamic,"(s,S)",1285.34,1388.54,1178.98,1388.54,2567.52,finished_products
302168,Dynamic,"(s,S)",757.62,797.76,735.3,797.76,1533.05,finished_products
302169,Dynamic,"(s,S)",4752.24,5033.21,1945.34,5033.21,6978.55,finished_products
302170,Dynamic,"(s,S)",3562.33,3794.38,1767.9,3794.38,5562.28,finished_products
302171,Dynamic,"(s,S)",641.66,677.31,692.96,677.31,1370.26,finished_products
302172,Dynamic,"(s,S)",1900.44,2063.63,1482.58,2063.63,3546.21,finished_products
302173,Dynamic,"(s,S)",2390.72,2596.03,1662.94,2596.03,4258.97,finished_products
302174,Dynamic,"(s,S)",999.42,1057.29,882.91,1057.29,1940.21,finished_products
302175,MTS,EOQ-ROP,2002.27,3071.96,3795.79,3071.96,6867.75,finished_products
302176,Dynamic,"(s,S)",1198.02,1290.47,1115.91,1290.47,2406.38,finished_products
302177,Dynamic,"(s,S)",1518.87,1609.34,1103.9,1609.34,2713.24,finished_products
302178,Dynamic,"(s,S)",2536.69,2667.44,1327.07,2667.44,3994.52,finished_products
302179,MTS,EOQ-ROP,513.63,687.96,1532.34,687.96,2220.3,finished_products
302181,Dynamic,"(s,S)",1065.57,1137.07,981.31,1137.07,2118.37,finished_products
302182,Dynamic,"(s,S)",2829.23,3088.53,1868.85,3088.53,4957.38,finished_products
302183,Dynamic,"(s,S)",806.33,849.77,764.91,849.77,1614.68,finished_products
302185,MTO,,0.0,0.0,0.0,0.0,0.0,raw_material
302186,Dynamic,"(s,S)",1454.07,1575.47,1278.74,1575.47,2854.21,finished_products
302187,Dynamic,"(s,S)",743.79,789.94,788.43,789.94,1578.37,finished_products
302188,Dynamic,"(s,S)",1055.87,1140.93,1070.36,1140.93,2211.28,finished_products
302189,Dynamic,"(s,S)",959.61,1021.13,910.25,1021.13,1931.37,finished_products
302190,Dynamic,"(s,S)",649.96,698.1,805.25,698.1,1503.35,finished_products
302192,MTO,,0.0,0.0,0.0,0.0,0.0,raw_material
302193,MTS,EOQ-ROP,828.03,1093.21,1889.89,1093.21,2983.1,finished_products
302198,Dynamic,"(s,S)",1921.05,2057.64,1356.39,2057.64,3414.03,finished_products
302201,MTO,,0.0,0.0,0.0,0.0,0.0,raw_material
302203,MTO,,0.0,0.0,0.0,0.0,0.0,raw_material
302204,Dynamic,"(s,S)",1171.68,1227.06,863.63,1227.06,2090.69,finished_products
302205,Dynamic,"(s,S)",1745.93,1845.56,1158.44,1845.56,3004.0,finished_products
302208,Dynamic,"(s,S)",1332.83,1396.48,925.93,1396.48,2322.41,finished_products
302209,Dynamic,"(s,S)",701.63,740.05,719.34,740.05,1459.39,finished_products
302210,Dynamic,"(s,S)",3729.52,4062.45,2117.63,4062.45,6180.08,finished_products
302211,Dynamic,"(s,S)",2669.63,2792.07,1284.22,2792.07,4076.28,finished_products
302212,Dynamic,"(s,S)",1310.46,1402.97,1116.3,1402.97,2519.27,finished_products
302213,Dynamic,"(s,S)",1029.5,1080.08,825.37,1080.08,1905.45,finished_products
302214,Dynamic,"(s,S)",1047.4,1112.75,938.23,1112.75,2050.98,finished_products
302215,Dynamic,"(s,S)",1948.09,2113.79,1493.94,2113.79,3607.73,finished_products
302216,Dynamic,"(s,S)",2008.71,2158.58,1420.79,2158.58,3579.37,finished_products
302217,Dynamic,"(s,S)",1772.98,1873.46,1163.32,1873.46,3036.77,finished_products
302218,MTO,,0.0,0.0,0.0,0.0,0.0,raw_material
302219,Dynamic,"(s,S)",5571.68,6006.03,2418.76,6006.03,8424.79,finished_products
302221,Dynamic,"(s,S)",906.62,980.66,998.6,980.66,1979.26,finished_products
302222,Dynamic,"(s,S)",470.4,492.05,540.01,492.05,1032.06,finished_products
302223,Dynamic,"(s,S)",937.8,999.76,913.55,999.76,1913.31,finished_products
302224,Dynamic,"(s,S)",432.32,453.92,539.35,453.92,993.26,finished_products
302225,MTO,,0.0,0.0,0.0,0.0,0.0,raw_material
302226,Dynamic,"(s,S)",1712.49,1814.03,1169.46,1814.03,2983.48,finished_products
302227,Dynamic,"(s,S)",551.4,579.81,618.67,579.81,1198.48,finished_products
302228,MTS,EOQ-ROP,1218.3,1530.83,2051.71,1530.83,3582.54,finished_products
302229,MTO,,0.0,0.0,0.0,0.0,0.0,raw_material
302230,MTO,,0.0,0.0,0.0,0.0,0.0,raw_material
302231,MTO,,0.0,0.0,0.0,0.0,0.0,raw_material
302233,Dynamic,"(s,S)",730.98,772.41,746.99,772.41,1519.41,finished_products
302234,Dynamic,"(s,S)",991.1,1068.36,1020.11,1068.36,2088.47,finished_products
302237,Dynamic,"(s,S)",1803.92,1950.44,1404.81,1950.44,3355.25,finished_products
302238,Dynamic,"(s,S)",2126.83,2328.37,1647.61,2328.37,3975.98,finished_products
302239,Dynamic,"(s,S)",684.52,732.47,803.73,732.47,1536.21,finished_products
302240,Dynamic,"(s,S)",286.65,300.21,427.27,300.21,727.48,finished_products
302241,Dynamic,"(s,S)",1255.97,1333.02,1018.71,1333.02,2351.72,finished_products
302242,Dynamic,"(s,S)",2321.77,2447.29,1300.24,2447.29,3747.53,finished_products
302243,Dynamic,"(s,S)",4068.58,4329.21,1873.63,4329.21,6202.84,finished_products
302244,Dynamic,"(s,S)",1096.25,1162.59,945.31,1162.59,2107.89,finished_products
302245,Dynamic,"(s,S)",373.12,395.93,554.28,395.93,950.22,finished_products
302246,Dynamic,"(s,S)",1513.31,1609.76,1139.8,1609.76,2749.56,finished_products
302247,Dynamic,"(s,S)",2884.39,3076.04,1606.66,3076.04,4682.7,finished_products
302248,Dynamic,"(s,S)",580.58,613.11,661.97,613.11,1275.08,finished_products
302249,Dynamic,"(s,S)",382.16,399.97,489.78,399.97,889.74,finished_products
302251,MTO,,0.0,0.0,0.0,0.0,0.0,raw_material
302254,Dynamic,"(s,S)",4015.0,4348.84,2120.5,4348.84,6469.34,finished_products
302256,MTS,EOQ-ROP,640.39,813.11,1525.27,813.11,2338.37,finished_products
302262,Dynamic,"(s,S)",549.29,574.63,584.24,574.63,1158.87,finished_products
302263,Dynamic,"(s,S)",779.38,826.9,799.98,826.9,1626.87,finished_products
302273,Dynamic,"(s,S)",3558.24,3750.36,1608.62,3750.36,5358.98,finished_products
302275,MTO,,0.0,0.0,0.0,0.0,0.0,raw_material
302276,Dynamic,"(s,S)",615.18,644.66,630.14,644.66,1274.8,finished_products
302281,MTO,,0.0,0.0,0.0,0.0,0.0,raw_material
302282,MTO,,0.0,0.0,0.0,0.0,0.0,raw_material
302284,Dynamic,"(s,S)",476.19,498.49,548.04,498.49,1046.53,finished_products
302285,Dynamic,"(s,S)",3358.17,3642.41,1956.69,3642.41,5599.1,finished_products
302288,Dynamic,"(s,S)",469.74,494.01,571.72,494.01,1065.72,finished_products
302289,Dynamic,"(s,S)",1890.19,2038.11,1411.48,2038.11,3449.58,finished_products
302292,Dynamic,"(s,S)",235.16,245.98,381.75,245.98,627.73,finished_products
302297,Dynamic,"(s,S)",2005.22,2102.69,1145.82,2102.69,3248.51,finished_products
302298,Dynamic,"(s,S)",2068.68,2189.76,1277.06,2189.76,3466.81,finished_products
302299,MTO,,0.0,0.0,0.0,0.0,0.0,raw_material
302300,MTO,,0.0,0.0,0.0,0.0,0.0,raw_material
302301,Dynamic,"(s,S)",1386.01,1503.56,1258.29,1503.56,2761.85,finished_products
302302,MTO,,0.0,0.0,0.0,0.0,0.0,raw_material
302303,Dynamic,"(s,S)",1012.35,1110.03,1147.07,1110.03,2257.1,finished_products
302305,Dynamic,"(s,S)",1193.95,1287.95,1125.25,1287.95,2413.2,finished_products
302306,MTS,EOQ-ROP,673.84,911.67,1789.81,911.67,2701.48,finished_products
302307,Dynamic,"(s,S)",385.52,403.28,489.19,403.28,892.47,finished_products
302308,Dynamic,"(s,S)",834.75,901.83,950.52,901.83,1852.35,finished_products
302312,Dynamic,"(s,S)",2903.38,3135.89,1769.68,3135.89,4905.57,finished_products
302313,MTO,,0.0,0.0,0.0,0.0,0.0,raw_material
302314,Dynamic,"(s,S)",2815.96,2959.67,1391.28,2959.67,4350.95,finished_products
302315,Dynamic,"(s,S)",2116.53,2264.51,1411.83,2264.51,3676.35,finished_products
302316,Dynamic,"(s,S)",1170.81,1246.67,1010.87,1246.67,2257.54,finished_products
302317,Dynamic,"(s,S)",794.16,845.76,833.75,845.76,1679.51,finished_products
302318,MTS,EOQ-ROP,518.45,689.54,1518.06,689.54,2207.6,finished_products
302319,MTO,,0.0,0.0,0.0,0.0,0.0,raw_material
302320,MTO,,0.0,0.0,0.0,0.0,0.0,raw_material
302321,Dynamic,"(s,S)",198.03,208.66,378.36,208.66,587.01,finished_products
302322,Dynamic,"(s,S)",241.81,252.99,388.08,252.99,641.07,finished_products
302323,MTO,,0.0,0.0,0.0,0.0,0.0,raw_material
302324,Dynamic,"(s,S)",596.15,630.09,676.11,630.09,1306.19,finished_products
302325,Dynamic,"(s,S)",437.32,457.53,521.79,457.53,979.32,finished_products
302326,Dynamic,"(s,S)",2372.63,2552.76,1557.66,2552.76,4110.43,finished_products
302327,Dynamic,"(s,S)",379.13,399.19,519.73,399.19,918.91,finished_products
302328,Dynamic,"(s,S)",3963.49,4210.66,1824.62,4210.66,6035.28,finished_products
302330,Dynamic,"(s,S)",259.74,274.77,449.98,274.77,724.75,finished_products
302331,Dynamic,"(s,S)",1284.24,1343.74,895.24,1343.74,2238.98,finished_products
302332,Dynamic,"(s,S)",1979.43,2083.97,1186.61,2083.97,3270.58,finished_products
302333,MTO,,0.0,0.0,0.0,0.0,0.0,raw_material
302334,Dynamic,"(s,S)",898.56,941.77,762.94,941.77,1704.71,finished_products
302335,MTO,,0.0,0.0,0.0,0.0,0.0,raw_material
302337,Dynamic,"(s,S)",1705.87,1871.4,1493.17,1871.4,3364.57,finished_products
302338,MTS,EOQ-ROP,288.75,392.93,1184.62,392.93,1577.55,finished_products
302339,MTS,EOQ-ROP,832.12,1058.9,1747.72,1058.9,2806.62,finished_products
302340,Dynamic,"(s,S)",1054.38,1121.12,948.18,1121.12,2069.31,finished_products
302341,Dynamic,"(s,S)",300.94,315.02,435.41,315.02,750.43,finished_products
302342,Dynamic,"(s,S)",246.35,257.91,394.67,257.91,652.58,finished_products
302343,Dynamic,"(s,S)",662.61,700.01,709.81,700.01,1409.83,finished_products
302344,Dynamic,"(s,S)",868.66,916.07,799.17,916.07,1715.25,finished_products
302345,Dynamic,"(s,S)",2309.95,2513.78,1656.94,2513.78,4170.71,finished_products
302346,Dynamic,"(s,S)",3388.26,3614.15,1744.27,3614.15,5358.42,finished_products
302347,Dynamic,"(s,S)",838.97,892.52,849.24,892.52,1741.76,finished_products
302348,Dynamic,"(s,S)",1265.79,1365.53,1159.06,1365.53,2524.59,finished_products
302351,MTO,,0.0,0.0,0.0,0.0,0.0,raw_material
302353,Dynamic,"(s,S)",686.64,721.94,689.54,721.94,1411.48,finished_products
302356,MTO,,0.0,0.0,0.0,0.0,0.0,raw_material
302357,Dynamic,"(s,S)",337.33,353.01,459.59,353.01,812.6,finished_products
302358,Dynamic,"(s,S)",620.54,649.32,622.59,649.32,1271.91,finished_products
302359,Dynamic,"(s,S)",1418.6,1525.58,1200.36,1525.58,2725.93,finished_products
302360,Dynamic,"(s,S)",562.74,603.38,739.86,603.38,1343.24,finished_products
302362,Dynamic,"(s,S)",730.76,767.93,707.59,767.93,1475.52,finished_products
302364,Dynamic,"(s,S)",1288.35,1347.44,892.12,1347.44,2239.56,finished_products
302365,Dynamic,"(s,S)",2397.78,2530.55,1337.24,2530.55,3867.79,finished_products
302366,Dynamic,"(s,S)",464.53,488.27,565.54,488.27,1053.82,finished_products
302367,MTO,,0.0,0.0,0.0,0.0,0.0,raw_material
302368,Dynamic,"(s,S)",837.93,878.01,734.71,878.01,1612.72,finished_products
302369,Dynamic,"(s,S)",599.51,631.56,657.08,631.56,1288.65,finished_products
302370,Dynamic,"(s,S)",482.85,507.17,572.34,507.17,1079.52,finished_products
302371,Dynamic,"(s,S)",1022.95,1073.72,826.93,1073.72,1900.65,finished_products
302375,Dynamic,"(s,S)",2663.1,2857.93,1619.94,2857.93,4477.87,finished_products
302376,Dynamic,"(s,S)",1094.82,1179.74,1069.49,1179.74,2249.22,finished_products
302377,Dynamic,"(s,S)",517.85,544.34,597.34,544.34,1141.68,finished_products
302378,MTO,,0.0,0.0,0.0,0.0,0.0,raw_material
302379,Dynamic,"(s,S)",1389.23,1499.38,1218.01,1499.38,2717.39,finished_products
302380,Dynamic,"(s,S)",346.71,365.17,498.62,365.17,863.79,finished_products
302383,Dynamic,"(s,S)",1442.32,1558.42,1250.52,1558.42,2808.95,finished_products
302384,Dynamic,"(s,S)",1336.09,1418.92,1056.27,1418.92,2475.19,finished_products
302385,Dynamic,"(s,S)",156.66,163.84,311.01,163.84,474.84,finished_products
302386,Dynamic,"(s,S)",1127.28,1195.35,957.51,1195.35,2152.85,finished_products
302387,Dynamic,"(s,S)",1168.12,1231.71,925.47,1231.71,2157.17,finished_products
302389,Dynamic,"(s,S)",562.16,594.4,658.93,594.4,1253.33,finished_products
302390,Dynamic,"(s,S)",294.07,309.02,448.86,309.02,757.88,finished_products
302391,MTO,,0.0,0.0,0.0,0.0,0.0,raw_material
302394,Dynamic,"(s,S)",1217.64,1282.44,934.25,1282.44,2216.69,finished_products
302396,Dynamic,"(s,S)",705.49,747.69,753.87,747.69,1501.56,finished_products
302397,Dynamic,"(s,S)",626.55,658.35,654.46,658.35,1312.81,finished_products
302401,MTO,,0.0,0.0,0.0,0.0,0.0,raw_material
302402,Dynamic,"(s,S)",529.19,557.65,619.13,557.65,1176.78,finished_products
302403,MTO,,0.0,0.0,0.0,0.0,0.0,raw_material
302404,Dynamic,"(s,S)",3777.6,3956.72,1553.29,3956.72,5510.01,finished_products
302406,MTO,,0.0,0.0,0.0,0.0,0.0,raw_material
302408,Dynamic,"(s,S)",872.64,914.52,751.11,914.52,1665.63,finished_products
302409,MTO,,0.0,0.0,0.0,0.0,0.0,raw_material
302411,MTO,,0.0,0.0,0.0,0.0,0.0,raw_material
302413,MTO,,0.0,0.0,0.0,0.0,0.0,raw_material
302414,Dynamic,"(s,S)",353.72,371.28,486.25,371.28,857.53,finished_products
302415,Dynamic,"(s,S)",937.22,980.93,767.25,980.93,1748.17,finished_products
302416,MTO,,0.0,0.0,0.0,0.0,0.0,raw_material
302417,Dynamic,"(s,S)",120.81,127.29,295.41,127.29,422.7,finished_products
302418,MTO,,0.0,0.0,0.0,0.0,0.0,raw_material
302419,Dynamic,"(s,S)",224.42,234.78,373.59,234.78,608.38,finished_products
302421,MTO,,0.0,0.0,0.0,0.0,0.0,raw_material
302425,MTO,,0.0,0.0,0.0,0.0,0.0,raw_material
302426,MTO,,0.0,0.0,0.0,0.0,0.0,raw_material
302427,MTO,,0.0,0.0,0.0,0.0,0.0,raw_material
302430,MTO,,0.0,0.0,0.0,0.0,0.0,raw_material
302434,Dynamic,"(s,S)",6565.78,6909.84,2152.73,6909.84,9062.57,finished_products
302435,Dynamic,"(s,S)",1780.7,1887.22,1197.85,1887.22,3085.07,finished_products
302437,MTO,,0.0,0.0,0.0,0.0,0.0,raw_material
302439,Dynamic,"(s,S)",258.48,272.34,432.11,272.34,704.45,finished_products
302441,MTO,,0.0,0.0,0.0,0.0,0.0,raw_material
302442,MTO,,0.0,0.0,0.0,0.0,0.0,raw_material
302443,MTO,,0.0,0.0,0.0,0.0,0.0,raw_material
302444,Dynamic,"(s,S)",324.26,339.15,447.9,339.15,787.05,finished_products
302445,Dynamic,"(s,S)",7479.95,7900.85,2381.03,7900.85,10281.88,finished_products
302448,MTO,,0.0,0.0,0.0,0.0,0.0,raw_material
302450,Dynamic,"(s,S)",2464.28,2609.35,1397.86,2609.35,4007.21,finished_products
302452,Dynamic,"(s,S)",158.6,165.9,313.53,165.9,479.43,finished_products
302453,MTO,,0.0,0.0,0.0,0.0,0.0,raw_material
302454,MTO,,0.0,0.0,0.0,0.0,0.0,raw_material
302455,MTO,,0.0,0.0,0.0,0.0,0.0,raw_material
302456,Dynamic,"(s,S)",720.29,756.48,698.11,756.48,1454.59,finished_products
302465,MTO,,0.0,0.0,0.0,0.0,0.0,raw_material
302466,MTO,,0.0,0.0,0.0,0.0,0.0,raw_material
302467,Dynamic,"(s,S)",135.27,142.32,308.0,142.32,450.31,finished_products
302468,MTO,,0.0,0.0,0.0,0.0,0.0,raw_material
302469,Dynamic,"(s,S)",460.96,482.33,536.42,482.33,1018.74,finished_products
302470,MTO,,0.0,0.0,0.0,0.0,0.0,raw_material
302471,MTO,,0.0,0.0,0.0,0.0,0.0,raw_material
302472,MTO,,0.0,0.0,0.0,0.0,0.0,raw_material
302473,MTO,,0.0,0.0,0.0,0.0,0.0,raw_material
302474,MTO,,0.0,0.0,0.0,0.0,0.0,raw_material
302476,Dynamic,"(s,S)",438.18,458.68,525.48,458.68,984.17,finished_products
302478,MTO,,0.0,0.0,0.0,0.0,0.0,raw_material
302480,Dynamic,"(s,S)",136.95,143.23,290.77,143.23,433.99,finished_products
302483,Dynamic,"(s,S)",1703.85,1787.41,1060.88,1787.41,2848.29,finished_products
302489,Dynamic,"(s,S)",423.36,445.7,548.57,445.7,994.27,finished_products
302491,MTO,,0.0,0.0,0.0,0.0,0.0,raw_material
302492,Dynamic,"(s,S)",2575.37,2693.43,1261.02,2693.43,3954.45,finished_products
302493,MTO,,0.0,0.0,0.0,0.0,0.0,raw_material
302494,MTO,,0.0,0.0,0.0,0.0,0.0,raw_material
302495,Dynamic,"(s,S)",3270.74,3464.52,1615.6,3464.52,5080.12,finished_products
302496,MTO,,0.0,0.0,0.0,0.0,0.0,raw_material
302498,Dynamic,"(s,S)",623.03,657.25,678.96,657.25,1336.21,finished_products
302499,MTO,,0.0,0.0,0.0,0.0,0.0,raw_material
302500,MTO,,0.0,0.0,0.0,0.0,0.0,raw_material
302501,MTO,,0.0,0.0,0.0,0.0,0.0,raw_material
302502,MTO,,0.0,0.0,0.0,0.0,0.0,raw_material
302503,MTO,,0.0,0.0,0.0,0.0,0.0,raw_material
302504,MTO,,0.0,0.0,0.0,0.0,0.0,raw_material
302508,MTO,,0.0,0.0,0.0,0.0,0.0,raw_material
302510,MTO,,0.0,0.0,0.0,0.0,0.0,raw_material
302511,MTO,,0.0,0.0,0.0,0.0,0.0,raw_material
302516,Dynamic,"(s,S)",592.91,620.08,604.96,620.08,1225.05,finished_products
302519,MTO,,0.0,0.0,0.0,0.0,0.0,raw_material
302520,MTO,,0.0,0.0,0.0,0.0,0.0,raw_material
302521,MTO,,0.0,0.0,0.0,0.0,0.0,raw_material
302522,MTO,,0.0,0.0,0.0,0.0,0.0,raw_material
302523,MTO,,0.0,0.0,0.0,0.0,0.0,raw_material
302528,MTO,,0.0,0.0,0.0,0.0,0.0,raw_material
302529,MTO,,0.0,0.0,0.0,0.0,0.0,raw_material
302530,MTO,,0.0,0.0,0.0,0.0,0.0,raw_material
302531,MTO,,0.0,0.0,0.0,0.0,0.0,raw_material
302532,MTO,,0.0,0.0,0.0,0.0,0.0,raw_material
302533,MTO,,0.0,0.0,0.0,0.0,0.0,raw_material
302534,MTO,,0.0,0.0,0.0,0.0,0.0,raw_material
302535,MTO,,0.0,0.0,0.0,0.0,0.0,raw_material
302536,MTO,,0.0,0.0,0.0,0.0,0.0,raw_material
302537,MTO,,0.0,0.0,0.0,0.0,0.0,raw_material
302539,MTO,,0.0,0.0,0.0,0.0,0.0,raw_material
302540,MTO,,0.0,0.0,0.0,0.0,0.0,raw_material
302541,Dynamic,"(s,S)",767.43,802.63,688.6,802.63,1491.23,finished_products
302542,Dynamic,"(s,S)",443.84,464.21,523.71,464.21,987.92,finished_products
302543,MTO,,0.0,0.0,0.0,0.0,0.0,raw_material
302545,MTO,,0.0,0.0,0.0,0.0,0.0,raw_material
302546,MTO,,0.0,0.0,0.0,0.0,0.0,raw_material
302547,MTO,,0.0,0.0,0.0,0.0,0.0,raw_material
302548,Dynamic,"(s,S)",1120.65,1189.46,962.73,1189.46,2152.19,finished_products
302550,Dynamic,"(s,S)",644.72,674.28,630.94,674.28,1305.21,finished_products
302551,Dynamic,"(s,S)",307.65,322.45,446.46,322.45,768.91,finished_products
302552,Dynamic,"(s,S)",776.01,811.58,692.13,811.58,1503.71,finished_products
302553,Dynamic,"(s,S)",1233.78,1290.48,873.94,1290.48,2164.43,finished_products
302554,Dynamic,"(s,S)",671.77,702.75,645.97,702.75,1348.73,finished_products
302559,MTO,,0.0,0.0,0.0,0.0,0.0,raw_material
302560,MTO,,0.0,0.0,0.0,0.0,0.0,raw_material
302561,Dynamic,"(s,S)",767.91,806.42,720.23,806.42,1526.65,finished_products
302563,Dynamic,"(s,S)",1231.22,1300.86,968.52,1300.86,2269.38,finished_products
302564,MTO,,0.0,0.0,0.0,0.0,0.0,raw_material
302565,Dynamic,"(s,S)",299.87,313.88,434.42,313.88,748.3,finished_products
302566,Dynamic,"(s,S)",2838.8,2969.11,1324.86,2969.11,4293.97,finished_products
302567,Dynamic,"(s,S)",2290.73,2405.51,1243.34,2405.51,3648.85,finished_products
302568,Dynamic,"(s,S)",1091.63,1141.77,821.8,1141.77,1963.58,finished_products
302569,MTO,,0.0,0.0,0.0,0.0,0.0,raw_material
302570,Dynamic,"(s,S)",513.75,537.57,566.43,537.57,1104.0,finished_products
302571,Dynamic,"(s,S)",351.02,367.14,466.09,367.14,833.23,finished_products
302572,MTO,,0.0,0.0,0.0,0.0,0.0,raw_material
302573,MTO,,0.0,0.0,0.0,0.0,0.0,raw_material
302574,MTO,,0.0,0.0,0.0,0.0,0.0,raw_material
302575,Dynamic,"(s,S)",594.93,625.28,639.4,625.28,1264.68,finished_products
302576,Dynamic,"(s,S)",1826.86,1917.72,1106.24,1917.72,3023.95,finished_products
302577,MTO,,0.0,0.0,0.0,0.0,0.0,raw_material
302578,MTO,,0.0,0.0,0.0,0.0,0.0,raw_material
302579,MTO,,0.0,0.0,0.0,0.0,0.0,raw_material
302580,MTO,,0.0,0.0,0.0,0.0,0.0,raw_material
302582,MTO,,0.0,0.0,0.0,0.0,0.0,raw_material
302583,Dynamic,"(s,S)",549.89,575.75,590.22,575.75,1165.97,finished_products
302584,Dynamic,"(s,S)",2485.41,2611.0,1300.63,2611.0,3911.62,finished_products
302585,MTO,,0.0,0.0,0.0,0.0,0.0,raw_material
302586,MTO,,0.0,0.0,0.0,0.0,0.0,raw_material
302587,MTO,,0.0,0.0,0.0,0.0,0.0,raw_material
302592,MTO,,0.0,0.0,0.0,0.0,0.0,raw_material
302593,MTO,,0.0,0.0,0.0,0.0,0.0,raw_material
302594,Dynamic,"(s,S)",340.25,358.51,495.88,358.51,854.39,finished_products
302595,Dynamic,"(s,S)",309.86,326.49,473.26,326.49,799.75,finished_products
302596,MTO,,0.0,0.0,0.0,0.0,0.0,raw_material
302603,MTO,,0.0,0.0,0.0,0.0,0.0,raw_material
302604,MTO,,0.0,0.0,0.0,0.0,0.0,raw_material
302605,MTO,,0.0,0.0,0.0,0.0,0.0,raw_material
302617,MTO,,0.0,0.0,0.0,0.0,0.0,raw_material
302621,Dynamic,"(s,S)",344.46,362.94,498.91,362.94,861.85,finished_products
302626,MTO,,0.0,0.0,0.0,0.0,0.0,raw_material
302627,MTO,,0.0,0.0,0.0,0.0,0.0,raw_material
302629,MTO,,0.0,0.0,0.0,0.0,0.0,raw_material
302630,MTO,,0.0,0.0,0.0,0.0,0.0,raw_material
302632,MTO,,0.0,0.0,0.0,0.0,0.0,raw_material
302633,MTO,,0.0,0.0,0.0,0.0,0.0,raw_material
302634,MTO,,0.0,0.0,0.0,0.0,0.0,raw_material
302635,MTO,,0.0,0.0,0.0,0.0,0.0,raw_material
302636,MTO,,0.0,0.0,0.0,0.0,0.0,raw_material
302637,MTO,,0.0,0.0,0.0,0.0,0.0,raw_material
340001,MTO,,0.0,0.0,0.0,0.0,0.0,raw_material
440001,Dynamic,"(s,S)",2283.23,2465.74,1380.92,2465.74,3846.66,finished_products
440003,Dynamic,"(s,S)",3355.09,3555.01,1445.3,3555.01,5000.31,finished_products
440004,Dynamic,"(s,S)",5524.24,5845.8,1832.97,5845.8,7678.76,finished_products
440005,Dynamic,"(s,S)",3378.33,3572.55,1424.54,3572.55,4997.1,finished_products
440007,Dynamic,"(s,S)",2877.12,3030.62,1266.41,3030.62,4297.03,finished_products
440008,Dynamic,"(s,S)",3359.04,3583.29,1530.72,3583.29,5114.02,finished_products
440009,MTS,EOQ-ROP,667.81,935.82,1673.41,935.82,2609.24,finished_products
440011,Dynamic,"(s,S)",1642.99,1769.64,1150.37,1769.64,2920.01,finished_products
440012,Dynamic,"(s,S)",812.26,852.33,647.01,852.33,1499.34,finished_products
440013,Dynamic,"(s,S)",1673.37,1772.12,1015.76,1772.12,2787.88,finished_products
440015,MTO,,0.0,0.0,0.0,0.0,0.0,raw_material
440016,Dynamic,"(s,S)",2482.24,2673.35,1413.1,2673.35,4086.45,finished_products
440018,Dynamic,"(s,S)",3329.8,3621.27,1745.11,3621.27,5366.38,finished_products
440019,Dynamic,"(s,S)",1447.55,1529.15,923.36,1529.15,2452.51,finished_products
440020,MTO,,0.0,0.0,0.0,0.0,0.0,raw_material
440022,Dynamic,"(s,S)",945.76,993.93,709.45,993.93,1703.38,finished_products
440024,Dynamic,"(s,S)",1685.86,1766.94,920.46,1766.94,2687.41,finished_products
440027,Dynamic,"(s,S)",896.07,960.39,819.8,960.39,1780.19,finished_products
440035,Dynamic,"(s,S)",2121.8,2244.5,1132.25,2244.5,3376.75,finished_products
440043,Dynamic,"(s,S)",3161.18,3307.57,1236.75,3307.57,4544.32,finished_products
440044,MTO,,0.0,0.0,0.0,0.0,0.0,raw_material
440051,MTO,,0.0,0.0,0.0,0.0,0.0,raw_material
440052,Dynamic,"(s,S)",607.48,635.63,542.33,635.63,1177.96,finished_products
440080,Dynamic,"(s,S)",3179.48,3349.64,1333.37,3349.64,4683.01,finished_products
440106,Dynamic,"(s,S)",1057.43,1115.2,776.91,1115.2,1892.11,finished_products
440141,Dynamic,"(s,S)",1134.35,1191.81,774.83,1191.81,1966.64,finished_products
440142,Dynamic,"(s,S)",430.14,450.15,457.26,450.15,907.41,finished_products
440159,MTO,,0.0,0.0,0.0,0.0,0.0,raw_material
440161,MTO,,0.0,0.0,0.0,0.0,0.0,raw_material
440164,Dynamic,"(s,S)",5262.04,5699.51,2137.95,5699.51,7837.46,finished_products
440167,MTS,EOQ-ROP,5025.05,6398.24,3787.82,6398.24,10186.06,finished_products
440169,MTO,,0.0,0.0,0.0,0.0,0.0,raw_material
440184,MTO,,0.0,0.0,0.0,0.0,0.0,raw_material
440186,MTO,,0.0,0.0,0.0,0.0,0.0,raw_material
440191,Dynamic,"(s,S)",3546.41,3720.95,1350.43,3720.95,5071.38,finished_products
440192,Dynamic,"(s,S)",434.9,455.73,466.53,455.73,922.26,finished_products
440193,MTO,,0.0,0.0,0.0,0.0,0.0,raw_material
440195,MTO,,0.0,0.0,0.0,0.0,0.0,raw_material
440196,MTO,,0.0,0.0,0.0,0.0,0.0,raw_material
440202,MTO,,0.0,0.0,0.0,0.0,0.0,raw_material
460001,MTS,EOQ-ROP,4488.51,6626.91,4726.82,6626.91,11353.74,finished_products
460002,MTS,EOQ-ROP,9012.1,13454.23,6812.72,13454.23,20266.95,finished_products
460003,MTS,EOQ-ROP,10588.38,18993.16,9371.04,18993.16,28364.2,finished_products
460004,MTS,EOQ-ROP,3639.19,5241.4,4091.51,5241.4,9332.91,finished_products
460005,MTS,EOQ-ROP,2378.38,3629.22,3615.14,3629.22,7244.37,finished_products
460006,MTS,EOQ-ROP,11209.05,17484.75,8097.59,17484.75,25582.34,finished_products
460007,Dynamic,"(s,S)",3491.51,3773.07,1715.17,3773.07,5488.24,finished_products
460008,Dynamic,"(s,S)",1770.89,1911.19,1210.72,1911.19,3121.91,finished_products
460009,MTS,EOQ-ROP,2155.88,3314.14,3478.79,3314.14,6792.93,finished_products
460010,MTS,EOQ-ROP,4084.86,6058.49,4541.06,6058.49,10599.56,finished_products
460011,MTS,EOQ-ROP,1194.83,1600.68,2059.24,1600.68,3659.92,finished_products
460012,MTS,EOQ-ROP,3774.83,5779.74,4576.91,5779.74,10356.65,finished_products
460013,Dynamic,"(s,S)",6564.35,7254.17,2684.68,7254.17,9938.86,finished_products
460014,MTS,EOQ-ROP,1983.73,2812.04,2941.84,2812.04,5753.88,finished_products
460015,Dynamic,"(s,S)",3495.6,3841.83,1901.98,3841.83,5743.81,finished_products
460016,Dynamic,"(s,S)",5909.84,6299.56,2017.88,6299.56,8317.44,finished_products
460017,Dynamic,"(s,S)",3614.67,3949.57,1870.6,3949.57,5820.17,finished_products
460018,Dynamic,"(s,S)",16123.93,17648.99,3991.79,17648.99,21640.78,finished_products
460019,Dynamic,"(s,S)",3098.67,3387.77,1737.99,3387.77,5125.76,finished_products
460020,Dynamic,"(s,S)",1833.77,1935.68,1031.89,1935.68,2967.57,finished_products
460021,Dynamic,"(s,S)",3931.41,4129.8,1439.75,4129.8,5569.56,finished_products
460022,MTS,EOQ-ROP,2044.11,2675.28,2568.02,2675.28,5243.3,finished_products
460023,MTS,EOQ-ROP,2644.44,3716.72,3347.17,3716.72,7063.89,finished_products
460026,MTS,EOQ-ROP,7883.32,15183.57,8733.6,15183.57,23917.18,finished_products
460027,MTS,EOQ-ROP,1476.73,1997.71,2333.12,1997.71,4330.83,finished_products
460030,MTS,EOQ-ROP,5859.74,9834.4,6444.28,9834.4,16278.68,finished_products
460034,MTS,EOQ-ROP,4686.75,7104.69,5026.28,7104.69,12130.96,finished_products
460035,MTO,,0.0,0.0,0.0,0.0,0.0,raw_material
460037,MTS,EOQ-ROP,5343.86,7146.01,4339.31,7146.01,11485.32,finished_products
460038,MTS,EOQ-ROP,12733.45,21448.31,9542.34,21448.31,30990.64,finished_products
460041,MTO,,0.0,0.0,0.0,0.0,0.0,raw_material
460044,Dynamic,"(s,S)",378.68,399.0,460.77,399.0,859.78,finished_products
460045,Dynamic,"(s,S)",3778.68,4060.83,1716.95,4060.83,5777.78,finished_products
460046,MTS,EOQ-ROP,4045.41,5622.35,4059.12,5622.35,9681.47,finished_products
460051,MTS,EOQ-ROP,3116.95,4027.66,3084.72,4027.66,7112.39,finished_products
460054,MTS,EOQ-ROP,4030.93,6144.49,4699.28,6144.49,10843.76,finished_products
460056,MTS,EOQ-ROP,4261.08,5609.86,3754.01,5609.86,9363.87,finished_products
460062,MTS,EOQ-ROP,9610.58,13120.34,6055.68,13120.34,19176.02,finished_products
460070,Dynamic,"(s,S)",5484.7,5742.06,1639.79,5742.06,7381.85,finished_products
460102,Dynamic,"(s,S)",2065.24,2184.0,1113.94,2184.0,3297.94,finished_products
460106,Dynamic,"(s,S)",6016.55,6556.2,2374.56,6556.2,8930.76,finished_products
460107,MTS,EOQ-ROP,1610.11,2251.67,2589.08,2251.67,4840.75,finished_products
460108,Dynamic,"(s,S)",7535.87,8219.98,2673.54,8219.98,10893.52,finished_products
460113,MTS,EOQ-ROP,2066.24,2800.99,2770.73,2800.99,5571.72,finished_products
460117,Dynamic,"(s,S)",1839.23,1974.66,1189.51,1974.66,3164.17,finished_products
460122,MTS,EOQ-ROP,4021.25,5489.6,3916.86,5489.6,9406.45,finished_products
460125,MTS,EOQ-ROP,5523.26,7134.78,4103.38,7134.78,11238.17,finished_products
460129,MTS,EOQ-ROP,6126.68,10252.19,6565.43,10252.19,16817.62,finished_products
460132,MTO,,0.0,0.0,0.0,0.0,0.0,raw_material
460133,MTS,EOQ-ROP,2733.93,3823.34,3373.8,3823.34,7197.14,finished_products
460137,MTS,EOQ-ROP,2547.9,3656.82,3403.88,3656.82,7060.7,finished_products
460142,MTS,EOQ-ROP,2183.59,3141.83,3164.18,3141.83,6306.01,finished_products
460158,MTS,EOQ-ROP,3760.05,5246.86,3941.42,5246.86,9188.27,finished_products
460162,MTS,EOQ-ROP,4334.5,6229.13,4449.25,6229.13,10678.38,finished_products
460170,MTO,,0.0,0.0,0.0,0.0,0.0,raw_material
460171,MTS,EOQ-ROP,7517.6,10515.3,5596.52,10515.3,16111.82,finished_products
460179,Dynamic,"(s,S)",3641.86,3831.96,1409.32,3831.96,5241.28,finished_products
460181,MTS,EOQ-ROP,1169.24,1958.14,2871.02,1958.14,4829.16,finished_products
460184,Dynamic,"(s,S)",427.77,447.38,452.62,447.38,900.0,finished_products
460185,MTS,EOQ-ROP,8177.58,10506.89,4933.31,10506.89,15440.19,finished_products
460186,MTO,,0.0,0.0,0.0,0.0,0.0,raw_material
460187,Dynamic,"(s,S)",1698.02,1821.17,1134.31,1821.17,2955.48,finished_products
460188,MTO,,0.0,0.0,0.0,0.0,0.0,raw_material
460193,Dynamic,"(s,S)",12176.78,13108.22,3119.61,13108.22,16227.82,finished_products
460195,Dynamic,"(s,S)",6068.66,6370.15,1774.86,6370.15,8145.01,finished_products
460197,MTO,,0.0,0.0,0.0,0.0,0.0,raw_material
460200,Dynamic,"(s,S)",1287.38,1349.36,804.74,1349.36,2154.1,finished_products
460201,Dynamic,"(s,S)",3435.2,3622.41,1398.59,3622.41,5021.0,finished_products
460204,Dynamic,"(s,S)",4706.67,4980.96,1692.89,4980.96,6673.86,finished_products
460206,Dynamic,"(s,S)",6131.5,6781.73,2606.51,6781.73,9388.25,finished_products
460207,MTS,EOQ-ROP,8757.12,12416.14,6183.11,12416.14,18599.24,finished_products
460209,MTS,EOQ-ROP,25146.27,41363.0,13016.85,41363.0,54379.85,finished_products
460217,Dynamic,"(s,S)",7429.34,8244.13,2917.74,8244.13,11161.86,finished_products
460219,Dynamic,"(s,S)",14601.51,15563.94,3171.1,15563.94,18735.04,finished_products
460220,Dynamic,"(s,S)",2716.97,2860.32,1223.83,2860.32,4084.15,finished_products
460233,Dynamic,"(s,S)",13356.15,14279.41,3105.89,14279.41,17385.3,finished_products
460234,Dynamic,"(s,S)",8781.86,9378.51,2496.8,9378.51,11875.31,finished_products
460240,Dynamic,"(s,S)",2699.96,2936.53,1572.17,2936.53,4508.7,finished_products
460241,MTS,EOQ-ROP,2258.05,3284.47,3274.82,3284.47,6559.3,finished_products
460244,Dynamic,"(s,S)",6403.27,6927.43,2340.23,6927.43,9267.66,finished_products
460245,Dynamic,"(s,S)",1614.58,1698.6,936.92,1698.6,2635.52,finished_products
460246,Dynamic,"(s,S)",3507.62,3803.36,1757.84,3803.36,5561.2,finished_products
460248,Dynamic,"(s,S)",1218.25,1285.27,836.84,1285.27,2122.11,finished_products
460249,MTO,,0.0,0.0,0.0,0.0,0.0,raw_material
460252,Dynamic,"(s,S)",2958.94,3143.6,1389.02,3143.6,4532.62,finished_products
460253,Dynamic,"(s,S)",3937.04,4137.5,1447.22,4137.5,5584.72,finished_products
460257,MTO,,0.0,0.0,0.0,0.0,0.0,raw_material
460259,MTO,,0.0,0.0,0.0,0.0,0.0,raw_material
460261,Dynamic,"(s,S)",3035.71,3198.59,1304.55,3198.59,4503.14,finished_products
460262,MTO,,0.0,0.0,0.0,0.0,0.0,raw_material
460263,MTO,,0.0,0.0,0.0,0.0,0.0,raw_material
460264,Dynamic,"(s,S)",4323.78,4530.88,1470.99,4530.88,6001.87,finished_products
460265,Dynamic,"(s,S)",3383.81,3541.78,1284.71,3541.78,4826.49,finished_products
460266,MTO,,0.0,0.0,0.0,0.0,0.0,raw_material
460267,Dynamic,"(s,S)",2496.18,2610.58,1093.29,2610.58,3703.87,finished_products
500001,MTS,EOQ-ROP,8286.66,14225.28,8943.66,14225.28,23168.94,finished_products
500002,MTS,EOQ-ROP,6047.68,10596.59,7827.55,10596.59,18424.15,finished_products
500003,MTS,EOQ-ROP,7574.22,12814.34,8401.23,12814.34,21215.56,finished_products
500004,MTS,EOQ-ROP,6568.92,11850.51,8434.41,11850.51,20284.92,finished_products
500005,MTS,EOQ-ROP,10517.6,18322.83,10253.33,18322.83,28576.16,finished_products
500006,MTS,EOQ-ROP,6770.18,12174.46,8531.81,12174.46,20706.26,finished_products
500007,MTS,EOQ-ROP,5489.89,8608.32,6480.97,8608.32,15089.29,finished_products
500008,MTS,EOQ-ROP,9638.96,16007.68,9261.86,16007.68,25269.54,finished_products
500009,MTS,EOQ-ROP,6802.21,11716.17,8135.57,11716.17,19851.74,finished_products
500010,MTS,EOQ-ROP,6721.53,12115.91,8523.99,12115.91,20639.91,finished_products
500011,MTS,EOQ-ROP,6581.89,11081.28,7784.83,11081.28,18866.11,finished_products
500012,MTS,EOQ-ROP,7852.68,13241.87,8519.89,13241.87,21761.76,finished_products
500013,MTS,EOQ-ROP,4718.55,6790.31,5282.52,6790.31,12072.83,finished_products
500014,MTS,EOQ-ROP,4771.0,7607.32,6180.88,7607.32,13788.2,finished_products
500015,MTS,EOQ-ROP,2384.72,4012.78,4682.82,4012.78,8695.6,finished_products
500016,MTS,EOQ-ROP,9683.12,14986.38,8451.69,14986.38,23438.07,finished_products
500017,MTS,EOQ-ROP,3310.9,5207.1,5053.75,5207.1,10260.84,finished_products
500018,MTS,EOQ-ROP,7295.36,11026.77,7089.38,11026.77,18116.15,finished_products
500019,MTS,EOQ-ROP,4498.17,7074.54,5890.84,7074.54,12965.38,finished_products
500020,MTS,EOQ-ROP,6664.6,10203.0,6903.61,10203.0,17106.61,finished_products
500021,MTS,EOQ-ROP,5601.13,8775.13,6538.47,8775.13,15313.6,finished_products
500022,MTS,EOQ-ROP,7961.27,12131.23,7494.42,12131.23,19625.65,finished_products
500023,MTS,EOQ-ROP,5912.86,9588.93,7036.62,9588.93,16625.55,finished_products
500024,MTS,EOQ-ROP,6752.96,9836.61,6444.73,9836.61,16281.34,finished_products
500025,MTS,EOQ-ROP,4013.22,6099.72,5301.29,6099.72,11401.01,finished_products
500026,MTS,EOQ-ROP,3321.88,4249.45,3534.64,4249.45,7784.09,finished_products
500027,MTS,EOQ-ROP,4824.18,7912.31,6449.42,7912.31,14361.73,finished_products
500028,MTS,EOQ-ROP,3914.66,5414.58,4494.75,5414.58,9909.33,finished_products
500029,Dynamic,"(s,S)",442.31,463.38,532.66,463.38,996.04,finished_products
500030,MTS,EOQ-ROP,3105.78,4763.94,4725.91,4763.94,9489.84,finished_products
500031,Dynamic,"(s,S)",2225.58,2374.82,1417.81,2374.82,3792.63,finished_products
500033,MTS,EOQ-ROP,5590.8,9211.98,6983.89,9211.98,16195.87,finished_products
500034,MTS,EOQ-ROP,3860.6,5621.19,4869.68,5621.19,10490.87,finished_products
500037,MTS,EOQ-ROP,2515.84,3212.35,3062.93,3212.35,6275.28,finished_products
500038,MTS,EOQ-ROP,3623.89,5524.29,5059.34,5524.29,10583.63,finished_products
500040,MTS,EOQ-ROP,3758.57,5071.62,4205.45,5071.62,9277.07,finished_products
500041,Dynamic,"(s,S)",3082.79,3302.89,1721.78,3302.89,5024.67,finished_products
500043,MTS,EOQ-ROP,5894.81,8373.13,5777.64,8373.13,14150.77,finished_products
500045,MTS,EOQ-ROP,3994.8,6046.2,5256.51,6046.2,11302.72,finished_products
500046,Dynamic,"(s,S)",4253.4,4508.93,1855.19,4508.93,6364.12,finished_products
500047,MTS,EOQ-ROP,7800.35,11035.03,6600.66,11035.03,17635.69,finished_products
500048,MTS,EOQ-ROP,3371.68,5344.7,5155.11,5344.7,10499.81,finished_products
500052,MTS,EOQ-ROP,2079.17,2942.47,3409.99,2942.47,6352.46,finished_products
500055,MTS,EOQ-ROP,3039.25,4475.73,4398.67,4475.73,8874.4,finished_products
500056,MTO,,0.0,0.0,0.0,0.0,0.0,raw_material
500057,MTS,EOQ-ROP,3054.62,4371.33,4211.3,4371.33,8582.63,finished_products
500061,MTO,,0.0,0.0,0.0,0.0,0.0,raw_material
500062,Dynamic,"(s,S)",1788.74,1886.82,1149.37,1886.82,3036.19,finished_products
500063,MTS,EOQ-ROP,1644.72,2253.77,2864.18,2253.77,5117.95,finished_products
500065,MTS,EOQ-ROP,7770.43,10601.38,6175.02,10601.38,16776.41,finished_products
500067,MTO,,0.0,0.0,0.0,0.0,0.0,raw_material
500068,Dynamic,"(s,S)",4806.53,5202.95,2310.75,5202.95,7513.7,finished_products
500069,MTS,EOQ-ROP,4710.54,6150.32,4403.72,6150.32,10554.04,finished_products
500070,Dynamic,"(s,S)",405.16,424.22,506.74,424.22,930.97,finished_products
500071,Dynamic,"(s,S)",6492.21,7056.13,2756.02,7056.13,9812.15,finished_products
500072,MTS,EOQ-ROP,2722.27,3849.79,3897.03,3849.79,7746.81,finished_products
500073,MTS,EOQ-ROP,1599.74,2203.48,2851.64,2203.48,5055.12,finished_products
500074,MTS,EOQ-ROP,5313.04,8281.89,6323.63,8281.89,14605.52,finished_products
500075,Dynamic,"(s,S)",1772.13,1889.3,1256.24,1889.3,3145.54,finished_products
500076,MTS,EOQ-ROP,1108.72,1698.44,2818.36,1698.44,4516.8,finished_products
500077,Dynamic,"(s,S)",755.83,792.93,706.98,792.93,1499.91,finished_products
500078,Dynamic,"(s,S)",2201.94,2305.76,1182.5,2305.76,3488.25,finished_products
500079,MTS,EOQ-ROP,3675.81,5552.71,5027.96,5552.71,10580.67,finished_products
500080,Dynamic,"(s,S)",4542.8,4755.62,1693.08,4755.62,6448.7,finished_products
500081,MTS,EOQ-ROP,2896.12,4365.63,4448.96,4365.63,8814.59,finished_products
500084,Dynamic,"(s,S)",1876.94,1963.27,1078.36,1963.27,3041.63,finished_products
500085,Dynamic,"(s,S)",925.6,969.9,772.46,969.9,1742.36,finished_products
500086,MTS,EOQ-ROP,4602.17,7043.3,5734.14,7043.3,12777.44,finished_products
500088,MTS,EOQ-ROP,2537.86,3493.29,3587.32,3493.29,7080.6,finished_products
500089,Dynamic,"(s,S)",1060.57,1122.95,916.68,1122.95,2039.63,finished_products
500090,MTO,,0.0,0.0,0.0,0.0,0.0,raw_material
500091,MTO,,0.0,0.0,0.0,0.0,0.0,raw_material
500094,MTO,,0.0,0.0,0.0,0.0,0.0,raw_material
500095,MTS,EOQ-ROP,5191.47,7811.57,5940.61,7811.57,13752.19,finished_products
500096,Dynamic,"(s,S)",2556.83,2678.8,1281.7,2678.8,3960.5,finished_products
500097,Dynamic,"(s,S)",4309.16,4547.17,1790.49,4547.17,6337.66,finished_products
500105,MTS,EOQ-ROP,3819.78,5687.94,5016.25,5687.94,10704.19,finished_products
500113,MTS,EOQ-ROP,3855.43,5699.53,4983.85,5699.53,10683.38,finished_products
500115,MTS,EOQ-ROP,3175.96,4211.44,3734.59,4211.44,7946.03,finished_products
500118,MTS,EOQ-ROP,4892.71,6755.56,5009.12,6755.56,11764.68,finished_products
500119,Dynamic,"(s,S)",6040.88,6420.49,2261.19,6420.49,8681.68,finished_products
500122,Dynamic,"(s,S)",857.52,902.2,775.7,902.2,1677.89,finished_products
500127,MTS,EOQ-ROP,2304.15,3122.77,3320.59,3122.77,6443.36,finished_products
500132,Dynamic,"(s,S)",2431.12,2582.35,1427.23,2582.35,4009.58,finished_products
500137,MTO,,0.0,0.0,0.0,0.0,0.0,raw_material
500139,MTS,EOQ-ROP,11678.48,16476.87,8039.34,16476.87,24516.21,finished_products
500141,Dynamic,"(s,S)",2197.53,2298.26,1164.79,2298.26,3463.05,finished_products
500143,Dynamic,"(s,S)",5044.1,5414.35,2233.17,5414.35,7647.52,finished_products
500145,Dynamic,"(s,S)",3717.06,3925.48,1675.47,3925.48,5600.95,finished_products
500147,Dynamic,"(s,S)",1201.58,1266.05,931.87,1266.05,2197.92,finished_products
500150,Dynamic,"(s,S)",2661.48,2783.88,1283.99,2783.88,4067.88,finished_products
500182,MTO,,0.0,0.0,0.0,0.0,0.0,raw_material
500188,MTO,,0.0,0.0,0.0,0.0,0.0,raw_material
500196,MTS,EOQ-ROP,2691.42,3700.81,3687.25,3700.81,7388.05,finished_products
500199,MTS,EOQ-ROP,2598.56,4457.41,5003.74,4457.41,9461.15,finished_products
500203,MTS,EOQ-ROP,2667.96,4235.97,4595.64,4235.97,8831.61,finished_products
500206,MTS,EOQ-ROP,3824.07,5003.1,3985.06,5003.1,8988.15,finished_products
500208,MTO,,0.0,0.0,0.0,0.0,0.0,raw_material
500209,MTS,EOQ-ROP,3699.96,5727.45,5225.79,5727.45,10953.25,finished_products
500213,MTS,EOQ-ROP,3474.8,4852.53,4307.79,4852.53,9160.31,finished_products
500215,MTO,,0.0,0.0,0.0,0.0,0.0,raw_material
500219,MTS,EOQ-ROP,5675.38,9936.88,7576.24,9936.88,17513.12,finished_products
500220,MTS,EOQ-ROP,6613.28,9213.44,5917.96,9213.44,15131.39,finished_products
500227,Dynamic,"(s,S)",29199.89,31295.04,5312.27,31295.04,36607.3,finished_products
500229,MTO,,0.0,0.0,0.0,0.0,0.0,raw_material
500232,MTS,EOQ-ROP,3362.03,5355.25,5181.43,5355.25,10536.68,finished_products
500235,MTS,EOQ-ROP,6387.31,10425.56,7375.11,10425.56,17800.68,finished_products
500241,MTS,EOQ-ROP,4273.34,6122.32,4990.43,6122.32,11112.75,finished_products
500244,MTS,EOQ-ROP,636.19,973.62,2131.86,973.62,3105.48,finished_products
500250,Dynamic,"(s,S)",5038.73,5478.33,2433.35,5478.33,7911.68,finished_products
500257,Comakership,EOQ-ROP,835.59,1372.42,2688.99,1372.42,4061.4,finished_products
500259,MTO,,0.0,0.0,0.0,0.0,0.0,raw_material
500289,Dynamic,"(s,S)",3411.9,3704.61,1985.58,3704.61,5690.19,finished_products
500290,MTS,EOQ-ROP,5376.39,8509.34,6496.04,8509.34,15005.38,finished_products
500291,Dynamic,"(s,S)",7544.74,8000.34,2477.21,8000.34,10477.55,finished_products
500292,MTS,EOQ-ROP,6329.73,8768.62,5731.5,8768.62,14500.13,finished_products
500300,Dynamic,"(s,S)",3908.52,4182.36,1920.5,4182.36,6102.86,finished_products
500301,Dynamic,"(s,S)",10051.41,10516.84,2503.82,10516.84,13020.67,finished_products
500302,MTS,EOQ-ROP,1566.62,2203.02,2927.76,2203.02,5130.78,finished_products
500303,MTS,EOQ-ROP,1288.21,1726.11,2428.64,1726.11,4154.75,finished_products
500311,MTS,EOQ-ROP,3642.41,5367.9,4820.91,5367.9,10188.81,finished_products
500315,MTS,EOQ-ROP,1398.48,1952.4,2731.47,1952.4,4683.87,finished_products
500316,Dynamic,"(s,S)",2670.35,2904.46,1775.78,2904.46,4680.25,finished_products
500317,Dynamic,"(s,S)",4050.34,4305.15,1852.6,4305.15,6157.75,finished_products
500318,Dynamic,"(s,S)",4079.72,4267.53,1590.53,4267.53,5858.06,finished_products
500319,MTS,EOQ-ROP,3158.11,3923.93,3211.72,3923.93,7135.65,finished_products
500347,MTO,,0.0,0.0,0.0,0.0,0.0,raw_material
500350,MTO,,0.0,0.0,0.0,0.0,0.0,raw_material
500351,Dynamic,"(s,S)",8603.24,9018.23,2364.24,9018.23,11382.47,finished_products
500353,Dynamic,"(s,S)",4028.24,4388.79,2203.71,4388.79,6592.5,finished_products
500355,MTO,,0.0,0.0,0.0,0.0,0.0,raw_material
500356,MTO,,0.0,0.0,0.0,0.0,0.0,raw_material
500357,Dynamic,"(s,S)",446.47,469.32,554.8,469.32,1024.12,finished_products
500359,MTO,,0.0,0.0,0.0,0.0,0.0,raw_material
500368,MTS,EOQ-ROP,1652.38,2392.74,3157.88,2392.74,5550.63,finished_products
500370,Dynamic,"(s,S)",1494.02,1576.54,1054.24,1576.54,2630.77,finished_products
500371,MTS,EOQ-ROP,3342.16,5016.17,4748.44,5016.17,9764.61,finished_products
500372,Dynamic,"(s,S)",5070.96,5458.9,2285.87,5458.9,7744.77,finished_products
500373,MTS,EOQ-ROP,4389.08,5986.68,4638.8,5986.68,10625.47,finished_products
500374,MTS,EOQ-ROP,7207.18,11202.92,7336.19,11202.92,18539.11,finished_products
500375,MTS,EOQ-ROP,13278.27,20362.73,9768.45,20362.73,30131.18,finished_products
500376,MTS,EOQ-ROP,8306.32,12217.35,7258.02,12217.35,19475.37,finished_products
500378,MTS,EOQ-ROP,13303.49,20510.14,9852.33,20510.14,30362.48,finished_products
500379,MTS,EOQ-ROP,5138.81,7070.13,5100.33,7070.13,12170.46,finished_products
500380,MTS,EOQ-ROP,11688.64,17102.96,8539.73,17102.96,25642.69,finished_products
500381,MTS,EOQ-ROP,8914.26,11339.41,5715.34,11339.41,17054.75,finished_products
500382,MTS,EOQ-ROP,2974.5,4217.1,4091.08,4217.1,8308.19,finished_products
500383,MTS,EOQ-ROP,16534.28,22277.1,8794.98,22277.1,31072.08,finished_products
500384,MTS,EOQ-ROP,3516.36,4957.91,4406.44,4957.91,9364.35,finished_products
500385,MTS,EOQ-ROP,10287.69,15327.75,8239.3,15327.75,23567.05,finished_products
500386,MTS,EOQ-ROP,7170.18,11238.0,7402.07,11238.0,18640.08,finished_products
500387,MTS,EOQ-ROP,2703.54,3682.6,3631.42,3682.6,7314.02,finished_products
500388,MTS,EOQ-ROP,2753.03,3715.89,3601.25,3715.89,7317.14,finished_products
500389,MTO,,0.0,0.0,0.0,0.0,0.0,raw_material
500390,MTS,EOQ-ROP,5111.84,7224.26,5334.12,7224.26,12558.38,finished_products
500391,MTS,EOQ-ROP,11424.32,15513.34,7421.33,15513.34,22934.67,finished_products
500393,MTS,EOQ-ROP,3340.51,5052.34,4801.79,5052.34,9854.13,finished_products
500395,MTS,EOQ-ROP,9943.19,14637.9,7952.0,14637.9,22589.9,finished_products
500396,MTS,EOQ-ROP,5139.1,6902.92,4874.16,6902.92,11777.09,finished_products
500401,Dynamic,"(s,S)",10625.54,11482.29,3397.02,11482.29,14879.31,finished_products
500404,MTS,EOQ-ROP,9486.93,16385.24,9639.26,16385.24,26024.5,finished_products
500405,MTS,EOQ-ROP,3075.04,4947.17,5021.57,4947.17,9968.74,finished_products
500407,Dynamic,"(s,S)",9921.91,10376.72,2475.07,10376.72,12851.79,finished_products
500410,Dynamic,"(s,S)",3966.39,4197.44,1764.08,4197.44,5961.52,finished_products
500411,MTS,EOQ-ROP,4560.6,5808.89,4100.43,5808.89,9909.32,finished_products
500412,Dynamic,"(s,S)",4291.99,4652.04,2202.19,4652.04,6854.22,finished_products
500413,Dynamic,"(s,S)",3101.1,3306.65,1663.93,3306.65,4970.58,finished_products
500415,Dynamic,"(s,S)",958.27,1005.04,793.69,1005.04,1798.73,finished_products
500416,MTS,EOQ-ROP,4172.08,5974.42,4927.09,5974.42,10901.52,finished_products
500418,Dynamic,"(s,S)",3862.3,4103.78,1803.49,4103.78,5907.27,finished_products
500419,MTO,,0.0,0.0,0.0,0.0,0.0,raw_material
500420,Dynamic,"(s,S)",555.95,585.78,633.88,585.78,1219.66,finished_products
500426,Dynamic,"(s,S)",4011.04,4222.07,1685.96,4222.07,5908.02,finished_products
500429,Dynamic,"(s,S)",4037.43,4372.75,2125.19,4372.75,6497.94,finished_products
500431,MTS,EOQ-ROP,2801.33,3905.32,3856.16,3905.32,7761.48,finished_products
500434,Dynamic,"(s,S)",854.28,894.11,732.47,894.11,1626.57,finished_products
500441,Dynamic,"(s,S)",6795.3,7235.15,2434.03,7235.15,9669.18,finished_products
500459,Dynamic,"(s,S)",4723.54,4962.32,1793.41,4962.32,6755.73,finished_products
500460,Dynamic,"(s,S)",3713.43,3907.43,1616.53,3907.43,5523.97,finished_products
500461,Dynamic,"(s,S)",4228.19,4468.29,1798.32,4468.29,6266.6,finished_products
500463,Dynamic,"(s,S)",597.59,626.2,620.75,626.2,1246.94,finished_products
500464,MTS,EOQ-ROP,10145.71,16380.32,9163.82,16380.32,25544.14,finished_products
500468,MTO,,0.0,0.0,0.0,0.0,0.0,raw_material
500474,Dynamic,"(s,S)",1053.7,1104.66,828.49,1104.66,1933.15,finished_products
500475,Dynamic,"(s,S)",3192.24,3345.25,1435.59,3345.25,4780.83,finished_products
500483,Dynamic,"(s,S)",3046.64,3256.5,1681.23,3256.5,4937.73,finished_products
500487,Dynamic,"(s,S)",6315.67,6791.48,2531.57,6791.48,9323.05,finished_products
500488,Dynamic,"(s,S)",1690.3,1767.77,1021.51,1767.77,2789.29,finished_products
500489,Dynamic,"(s,S)",2465.32,2694.41,1756.6,2694.41,4451.0,finished_products
500491,Dynamic,"(s,S)",4083.55,4272.35,1594.67,4272.35,5867.01,finished_products
500495,Dynamic,"(s,S)",3543.19,3705.71,1479.58,3705.71,5185.29,finished_products
500497,Dynamic,"(s,S)",595.19,625.58,639.84,625.58,1265.42,finished_products
500498,Dynamic,"(s,S)",546.66,572.87,594.09,572.87,1166.96,finished_products
500499,MTO,,0.0,0.0,0.0,0.0,0.0,raw_material
500500,MTO,,0.0,0.0,0.0,0.0,0.0,raw_material
500503,MTO,,0.0,0.0,0.0,0.0,0.0,raw_material
500509,Dynamic,"(s,S)",3024.13,3167.74,1390.82,3167.74,4558.56,finished_products
500512,Dynamic,"(s,S)",2471.3,2597.47,1303.6,2597.47,3901.07,finished_products
500514,Dynamic,"(s,S)",3487.34,3647.16,1467.18,3647.16,5114.34,finished_products
500516,Dynamic,"(s,S)",771.08,810.21,725.98,810.21,1536.2,finished_products
500517,Dynamic,"(s,S)",1727.93,1807.47,1035.03,1807.47,2842.5,finished_products
500525,Dynamic,"(s,S)",1592.58,1675.13,1054.44,1675.13,2729.57,finished_products
500527,MTO,,0.0,0.0,0.0,0.0,0.0,raw_material
500529,Dynamic,"(s,S)",3907.28,4134.31,1748.71,4134.31,5883.02,finished_products
500531,Dynamic,"(s,S)",4685.5,4989.6,2023.86,4989.6,7013.46,finished_products
500535,Dynamic,"(s,S)",7561.72,7949.63,2285.81,7949.63,10235.44,finished_products
500539,MTO,,0.0,0.0,0.0,0.0,0.0,raw_material
500541,Dynamic,"(s,S)",3535.65,3697.67,1477.3,3697.67,5174.98,finished_products
500544,MTO,,0.0,0.0,0.0,0.0,0.0,raw_material
500545,Dynamic,"(s,S)",8115.35,8626.82,2624.7,8626.82,11251.51,finished_products
500548,Dynamic,"(s,S)",10877.83,11689.1,3305.65,11689.1,14994.75,finished_products
500549,Dynamic,"(s,S)",4665.14,4891.02,1744.27,4891.02,6635.3,finished_products
500550,Dynamic,"(s,S)",687.49,720.76,669.4,720.76,1390.16,finished_products
500551,Dynamic,"(s,S)",3016.56,3161.97,1399.5,3161.97,4561.47,finished_products
500552,MTO,,0.0,0.0,0.0,0.0,0.0,raw_material
500553,Dynamic,"(s,S)",466.91,488.32,537.08,488.32,1025.41,finished_products
500554,MTO,,0.0,0.0,0.0,0.0,0.0,raw_material
500556,Dynamic,"(s,S)",3182.15,3347.76,1493.51,3347.76,4841.26,finished_products
500559,Comakership,EOQ-ROP,4465.45,8113.15,7009.42,8113.15,15122.58,finished_products
500560,Comakership,EOQ-ROP,5327.66,9112.7,7140.16,9112.7,16252.86,finished_products
500561,Dynamic,"(s,S)",9443.43,10306.45,3409.42,10306.45,13715.87,finished_products
500562,Dynamic,"(s,S)",22197.38,23876.18,4755.23,23876.18,28631.41,finished_products
500563,Dynamic,"(s,S)",2471.8,2585.11,1235.36,2585.11,3820.47,finished_products
500564,MTS,EOQ-ROP,2587.36,3612.99,3716.78,3612.99,7329.77,finished_products
500566,Dynamic,"(s,S)",7314.85,7998.96,3035.53,7998.96,11034.49,finished_products
500569,MTS,EOQ-ROP,1224.9,1720.73,2584.27,1720.73,4305.0,finished_products
500571,Dynamic,"(s,S)",8087.19,8769.08,3030.6,8769.08,11799.68,finished_products
500584,Dynamic,"(s,S)",9174.24,9780.03,2856.48,9780.03,12636.51,finished_products
500590,Dynamic,"(s,S)",223.93,234.2,371.86,234.2,606.06,finished_products
500591,Dynamic,"(s,S)",10391.51,11177.88,3254.51,11177.88,14432.39,finished_products
500592,Dynamic,"(s,S)",8336.02,8810.17,2527.15,8810.17,11337.32,finished_products
500593,Dynamic,"(s,S)",8320.64,9075.35,3188.32,9075.35,12263.67,finished_products
500595,Dynamic,"(s,S)",5201.68,5718.74,2639.02,5718.74,8357.75,finished_products
500596,MTO,,0.0,0.0,0.0,0.0,0.0,raw_material
500599,Dynamic,"(s,S)",1253.0,1354.81,1170.99,1354.81,2525.79,finished_products
500600,Dynamic,"(s,S)",1745.85,1913.51,1502.74,1913.51,3416.25,finished_products
500602,Dynamic,"(s,S)",780.19,820.18,733.93,820.18,1554.11,finished_products
500603,Dynamic,"(s,S)",2485.83,2621.05,1349.56,2621.05,3970.61,finished_products
500604,MTS,EOQ-ROP,2188.76,2870.25,3029.72,2870.25,5899.97,finished_products
500605,MTO,,0.0,0.0,0.0,0.0,0.0,raw_material
500607,Dynamic,"(s,S)",146.47,154.18,322.1,154.18,476.28,finished_products
500608,Dynamic,"(s,S)",5941.52,6413.84,2522.27,6413.84,8936.11,finished_products
500609,Dynamic,"(s,S)",2501.14,2616.42,1246.1,2616.42,3862.52,finished_products
500610,Dynamic,"(s,S)",4027.91,4244.03,1706.15,4244.03,5950.18,finished_products
500611,MTO,,0.0,0.0,0.0,0.0,0.0,raw_material
500613,Dynamic,"(s,S)",5126.1,5432.93,2032.9,5432.93,7465.83,finished_products
500614,Dynamic,"(s,S)",1084.49,1135.62,829.87,1135.62,1965.5,finished_products
500615,Dynamic,"(s,S)",1652.88,1760.06,1201.49,1760.06,2961.55,finished_products
500616,MTO,,0.0,0.0,0.0,0.0,0.0,raw_material
500617,MTO,,0.0,0.0,0.0,0.0,0.0,raw_material
500619,Dynamic,"(s,S)",701.71,742.86,744.5,742.86,1487.36,finished_products
500621,MTO,,0.0,0.0,0.0,0.0,0.0,raw_material
500622,Dynamic,"(s,S)",2596.71,2736.04,1369.9,2736.04,4105.94,finished_products
500623,MTO,,0.0,0.0,0.0,0.0,0.0,raw_material
500624,Dynamic,"(s,S)",2389.76,2499.5,1215.78,2499.5,3715.27,finished_products
500625,MTO,,0.0,0.0,0.0,0.0,0.0,raw_material
500626,Dynamic,"(s,S)",2154.61,2253.88,1156.33,2253.88,3410.22,finished_products
500627,Dynamic,"(s,S)",818.55,857.17,721.23,857.17,1578.4,finished_products
500628,MTO,,0.0,0.0,0.0,0.0,0.0,raw_material
500629,MTO,,0.0,0.0,0.0,0.0,0.0,raw_material
500630,Dynamic,"(s,S)",2125.32,2239.36,1239.36,2239.36,3478.72,finished_products
500631,Dynamic,"(s,S)",10404.15,11069.9,2994.52,11069.9,14064.41,finished_products
500632,MTO,,0.0,0.0,0.0,0.0,0.0,raw_material
500633,MTO,,0.0,0.0,0.0,0.0,0.0,raw_material
500634,MTO,,0.0,0.0,0.0,0.0,0.0,raw_material
500635,Dynamic,"(s,S)",3400.02,3555.83,1448.7,3555.83,5004.54,finished_products
500636,MTO,,0.0,0.0,0.0,0.0,0.0,raw_material
500637,Dynamic,"(s,S)",4329.59,4551.36,1728.35,4551.36,6279.71,finished_products
500638,Dynamic,"(s,S)",6991.91,7312.33,2077.46,7312.33,9389.79,finished_products
500639,Dynamic,"(s,S)",6503.06,6801.51,2004.98,6801.51,8806.49,finished_products
500640,Dynamic,"(s,S)",5122.22,5366.2,1812.8,5366.2,7179.0,finished_products
500641,MTO,,0.0,0.0,0.0,0.0,0.0,raw_material
500642,Dynamic,"(s,S)",3267.88,3418.72,1425.42,3418.72,4844.14,finished_products
500643,Dynamic,"(s,S)",2306.62,2412.36,1193.41,2412.36,3605.77,finished_products
500663,MTO,,0.0,0.0,0.0,0.0,0.0,raw_material
500664,MTO,,0.0,0.0,0.0,0.0,0.0,raw_material
500666,MTO,,0.0,0.0,0.0,0.0,0.0,raw_material
500668,MTO,,0.0,0.0,0.0,0.0,0.0,raw_material
500669,MTO,,0.0,0.0,0.0,0.0,0.0,raw_material
510005,MTO,,0.0,0.0,0.0,0.0,0.0,raw_material
510006,MTO,,0.0,0.0,0.0,0.0,0.0,raw_material
510007,Dynamic,"(s,S)",739.35,773.25,675.79,773.25,1449.04,finished_products
510008,Dynamic,"(s,S)",523.84,547.85,568.7,547.85,1116.56,finished_products
510009,Dynamic,"(s,S)",489.6,512.04,549.74,512.04,1061.78,finished_products
510010,Dynamic,"(s,S)",399.19,420.61,537.08,420.61,957.69,finished_products
510011,Dynamic,"(s,S)",409.25,431.21,543.84,431.21,975.06,finished_products
510012,Dynamic,"(s,S)",1064.29,1114.85,825.28,1114.85,1940.14,finished_products
510013,MTO,,0.0,0.0,0.0,0.0,0.0,raw_material
510014,MTO,,0.0,0.0,0.0,0.0,0.0,raw_material
510015,MTO,,0.0,0.0,0.0,0.0,0.0,raw_material
510016,Dynamic,"(s,S)",483.65,505.82,546.47,505.82,1052.29,finished_products
510017,Dynamic,"(s,S)",773.34,810.3,705.56,810.3,1515.86,finished_products
510018,MTO,,0.0,0.0,0.0,0.0,0.0,raw_material
510019,MTO,,0.0,0.0,0.0,0.0,0.0,raw_material
510020,MTO,,0.0,0.0,0.0,0.0,0.0,raw_material
510021,MTO,,0.0,0.0,0.0,0.0,0.0,raw_material
530001,MTS,EOQ-ROP,55151.55,99228.36,24365.61,99228.36,123593.96,finished_products
530002,MTS,EOQ-ROP,42077.03,73486.85,20568.61,73486.85,94055.46,finished_products
530003,MTS,EOQ-ROP,62109.46,107923.96,24841.26,107923.96,132765.23,finished_products
530004,MTS,EOQ-ROP,47348.64,87027.5,23118.08,87027.5,110145.58,finished_products
530005,MTS,EOQ-ROP,41363.91,75564.96,21463.07,75564.96,97028.03,finished_products
530006,MTS,EOQ-ROP,48631.26,87472.45,22872.75,87472.45,110345.2,finished_products
530007,MTS,EOQ-ROP,41836.21,66797.61,18336.09,66797.61,85133.7,finished_products
530008,MTS,EOQ-ROP,39747.2,68520.86,19686.56,68520.86,88207.42,finished_products
530009,MTS,EOQ-ROP,41878.45,81055.56,22971.45,81055.56,104027.01,finished_products
530010,MTS,EOQ-ROP,22448.37,38063.36,14502.51,38063.36,52565.87,finished_products
530011,MTS,EOQ-ROP,31664.59,60930.02,19854.08,60930.02,80784.09,finished_products
530012,MTS,EOQ-ROP,29590.98,52713.63,17647.82,52713.63,70361.45,finished_products
530013,MTS,EOQ-ROP,39708.04,65426.55,18612.09,65426.55,84038.64,finished_products
530014,MTS,EOQ-ROP,34953.35,56328.92,16968.01,56328.92,73296.93,finished_products
530015,MTS,EOQ-ROP,44939.01,78307.08,21200.09,78307.08,99507.17,finished_products
530016,MTS,EOQ-ROP,22481.66,35914.49,13451.05,35914.49,49365.54,finished_products
530017,MTS,EOQ-ROP,20470.83,33039.64,13011.26,33039.64,46050.9,finished_products
530018,MTS,EOQ-ROP,20493.0,31559.64,12209.0,31559.64,43768.64,finished_products
530019,MTS,EOQ-ROP,20959.31,33928.91,13217.08,33928.91,47145.99,finished_products
530020,MTS,EOQ-ROP,46538.26,77671.38,20477.81,77671.38,98149.19,finished_products
530022,MTS,EOQ-ROP,9749.61,14753.18,8209.41,14753.18,22962.59,finished_products
530023,MTS,EOQ-ROP,18721.75,33948.61,14321.14,33948.61,48269.75,finished_products
530024,MTS,EOQ-ROP,16459.44,26161.76,11431.68,26161.76,37593.43,finished_products
530025,Dynamic,"(s,S)",15265.91,16188.58,3525.3,16188.58,19713.89,finished_products
530026,MTS,EOQ-ROP,34836.08,61071.15,18798.07,61071.15,79869.22,finished_products
530027,Dynamic,"(s,S)",12827.0,13750.68,3527.23,13750.68,17277.92,finished_products
530028,MTS,EOQ-ROP,17545.53,28242.42,12003.31,28242.42,40245.72,finished_products
530030,Dynamic,"(s,S)",19249.42,20643.17,4332.76,20643.17,24975.94,finished_products
530031,MTS,EOQ-ROP,3784.9,5011.68,4064.95,5011.68,9076.62,finished_products
530032,MTS,EOQ-ROP,18385.01,29908.0,12458.18,29908.0,42366.18,finished_products
530033,MTS,EOQ-ROP,6042.88,8937.49,6244.06,8937.49,15181.54,finished_products
530035,Dynamic,"(s,S)",15322.45,16647.44,4224.52,16647.44,20871.96,finished_products
530038,Dynamic,"(s,S)",11573.98,12111.46,2690.61,12111.46,14802.07,finished_products
530040,MTS,EOQ-ROP,16694.18,26661.93,11587.0,26661.93,38248.93,finished_products
530041,Dynamic,"(s,S)",7158.03,7700.71,2703.6,7700.71,10404.31,finished_products
530042,Dynamic,"(s,S)",5134.07,5614.76,2544.53,5614.76,8159.29,finished_products
530043,Dynamic,"(s,S)",10503.75,11122.3,2886.43,11122.3,14008.73,finished_products
530045,Dynamic,"(s,S)",5535.56,5844.39,2039.56,5844.39,7883.95,finished_products
530046,Dynamic,"(s,S)",10546.66,11470.04,3526.65,11470.04,14996.69,finished_products
530048,Dynamic,"(s,S)",12896.95,13922.64,3716.9,13922.64,17639.53,finished_products
530050,Dynamic,"(s,S)",6053.78,6358.72,2026.66,6358.72,8385.38,finished_products
530051,MTS,EOQ-ROP,13584.17,21930.95,10603.08,21930.95,32534.03,finished_products
530053,MTS,EOQ-ROP,11472.01,16530.0,8253.94,16530.0,24783.94,finished_products
530054,Dynamic,"(s,S)",8536.45,9297.65,3202.0,9297.65,12499.65,finished_products
530057,MTS,EOQ-ROP,11075.68,14552.24,6843.01,14552.24,21395.25,finished_products
530058,MTS,EOQ-ROP,7695.78,9805.93,5331.25,9805.93,15137.18,finished_products
530059,Dynamic,"(s,S)",10858.66,11585.99,3129.94,11585.99,14715.93,finished_products
530062,Dynamic,"(s,S)",15339.41,16711.01,4298.2,16711.01,21009.2,finished_products
530063,MTS,EOQ-ROP,18673.18,26962.6,10566.57,26962.6,37529.17,finished_products
530065,Dynamic,"(s,S)",1931.39,2023.36,1113.02,2023.36,3136.38,finished_products
530069,Dynamic,"(s,S)",7187.0,7647.42,2490.31,7647.42,10137.73,finished_products
530073,Dynamic,"(s,S)",5568.48,5899.88,2112.75,5899.88,8012.63,finished_products
530074,Dynamic,"(s,S)",4061.66,4347.22,1961.19,4347.22,6308.41,finished_products
530076,Dynamic,"(s,S)",7974.5,8486.72,2626.66,8486.72,11113.39,finished_products
530079,Dynamic,"(s,S)",9394.08,9945.5,2725.3,9945.5,12670.8,finished_products
530080,MTS,EOQ-ROP,7158.62,10378.55,6585.6,10378.55,16964.15,finished_products
530083,Dynamic,"(s,S)",8134.67,8515.72,2265.5,8515.72,10781.22,finished_products
530085,Dynamic,"(s,S)",5797.55,6179.58,2268.41,6179.58,8447.99,finished_products
530088,MTS,EOQ-ROP,14032.54,18627.01,7866.65,18627.01,26493.66,finished_products
530090,Dynamic,"(s,S)",409.99,431.98,544.3,431.98,976.29,finished_products
530091,Dynamic,"(s,S)",5444.51,5906.5,2494.53,5906.5,8401.03,finished_products
530092,Dynamic,"(s,S)",10074.82,10568.44,2578.51,10568.44,13146.95,finished_products
530093,Dynamic,"(s,S)",11778.68,12572.11,3269.07,12572.11,15841.18,finished_products
530108,Dynamic,"(s,S)",5780.71,6111.11,2109.56,6111.11,8220.67,finished_products
530109,Dynamic,"(s,S)",2660.7,2795.09,1345.41,2795.09,4140.5,finished_products
530112,Dynamic,"(s,S)",38332.25,40182.82,4992.57,40182.82,45175.39,finished_products
530113,MTS,EOQ-ROP,17422.24,25991.93,10743.72,25991.93,36735.66,finished_products
530119,Dynamic,"(s,S)",1066.82,1126.22,894.44,1126.22,2020.66,finished_products
530123,Dynamic,"(s,S)",72359.11,77250.78,8117.09,77250.78,85367.87,finished_products
530126,MTO,,0.0,0.0,0.0,0.0,0.0,raw_material
530127,Dynamic,"(s,S)",4552.26,4896.7,2153.93,4896.7,7050.63,finished_products
530128,Dynamic,"(s,S)",3648.43,3922.5,1921.32,3922.5,5843.83,finished_products
530133,Dynamic,"(s,S)",2965.33,3105.21,1372.62,3105.21,4477.83,finished_products
530137,MTS,EOQ-ROP,3380.77,4365.88,3642.63,4365.88,8008.51,finished_products
530138,MTS,EOQ-ROP,38244.08,66205.58,19406.73,66205.58,85612.31,finished_products
530142,Dynamic,"(s,S)",404.85,426.58,540.94,426.58,967.51,finished_products
530156,MTO,,0.0,0.0,0.0,0.0,0.0,raw_material
530159,MTO,,0.0,0.0,0.0,0.0,0.0,raw_material
530178,Dynamic,"(s,S)",8075.51,8446.23,2234.55,8446.23,10680.77,finished_products
530179,Dynamic,"(s,S)",12687.8,13348.67,2983.54,13348.67,16332.21,finished_products
530184,MTO,,0.0,0.0,0.0,0.0,0.0,raw_material
530191,Dynamic,"(s,S)",2830.58,3004.07,1528.64,3004.07,4532.71,finished_products
530198,MTS,EOQ-ROP,13442.64,17876.59,7728.01,17876.59,25604.6,finished_products
530201,Dynamic,"(s,S)",809.69,852.56,759.83,852.56,1612.39,finished_products
530204,Dynamic,"(s,S)",1619.54,1704.89,1072.23,1704.89,2777.12,finished_products
530205,Dynamic,"(s,S)",13310.53,14522.28,4039.98,14522.28,18562.27,finished_products
530208,Dynamic,"(s,S)",33702.24,36814.98,6475.06,36814.98,43290.05,finished_products
530210,Dynamic,"(s,S)",16243.43,17040.95,3277.5,17040.95,20318.45,finished_products
530212,Dynamic,"(s,S)",1942.79,2046.97,1184.62,2046.97,3231.59,finished_products
530225,MTO,,0.0,0.0,0.0,0.0,0.0,raw_material
530231,Dynamic,"(s,S)",3740.51,3985.43,1816.31,3985.43,5801.75,finished_products
530235,Dynamic,"(s,S)",5701.02,6122.23,2381.9,6122.23,8504.13,finished_products
530237,Dynamic,"(s,S)",19956.22,21666.63,4799.8,21666.63,26466.44,finished_products
530239,Dynamic,"(s,S)",12931.04,14011.5,3814.84,14011.5,17826.34,finished_products
530242,Dynamic,"(s,S)",1079.58,1133.96,855.8,1133.96,1989.76,finished_products
530243,Dynamic,"(s,S)",6110.1,6427.45,2067.47,6427.45,8494.91,finished_products
530247,Dynamic,"(s,S)",4949.36,5219.95,1909.09,5219.95,7129.04,finished_products
530249,Dynamic,"(s,S)",3490.6,3731.69,1802.02,3731.69,5533.71,finished_products
530250,Dynamic,"(s,S)",5600.53,5857.91,1861.9,5857.91,7719.8,finished_products
530251,Dynamic,"(s,S)",854.52,894.72,735.88,894.72,1630.6,finished_products
530253,Dynamic,"(s,S)",7501.05,7852.84,2176.76,7852.84,10029.59,finished_products
530256,Dynamic,"(s,S)",19518.77,20809.97,4170.31,20809.97,24980.27,finished_products
530257,Dynamic,"(s,S)",4392.38,4641.7,1832.53,4641.7,6474.24,finished_products
530258,Dynamic,"(s,S)",1429.17,1505.86,1016.31,1505.86,2522.17,finished_products
530261,Dynamic,"(s,S)",41772.8,44071.28,5564.07,44071.28,49635.35,finished_products
530262,MTS,EOQ-ROP,1454.07,2040.41,2810.26,2040.41,4850.67,finished_products
530266,Dynamic,"(s,S)",5418.8,5934.96,2636.73,5934.96,8571.69,finished_products
530268,Dynamic,"(s,S)",3917.63,4132.21,1700.09,4132.21,5832.3,finished_products
530270,Dynamic,"(s,S)",7339.94,7803.29,2498.21,7803.29,10301.5,finished_products
530272,Dynamic,"(s,S)",2561.34,2701.38,1373.4,2701.38,4074.78,finished_products
530273,MTS,EOQ-ROP,4832.3,5998.93,3964.04,5998.93,9962.96,finished_products
530274,Dynamic,"(s,S)",2875.49,3052.24,1542.97,3052.24,4595.21,finished_products
530275,MTS,EOQ-ROP,2247.3,3195.86,3574.43,3195.86,6770.3,finished_products
530276,Dynamic,"(s,S)",2854.61,3036.72,1566.15,3036.72,4602.87,finished_products
530277,Dynamic,"(s,S)",1727.15,1854.86,1311.54,1854.86,3166.4,finished_products
530278,MTS,EOQ-ROP,2037.77,2763.79,3127.13,2763.79,5890.91,finished_products
530279,Dynamic,"(s,S)",3737.58,3938.66,1645.74,3938.66,5584.4,finished_products
530280,MTS,EOQ-ROP,2095.47,2790.97,3060.71,2790.97,5851.68,finished_products
530281,Dynamic,"(s,S)",5430.63,5711.34,1944.46,5711.34,7655.79,finished_products
530282,MTS,EOQ-ROP,5002.78,6396.54,4332.78,6396.54,10729.32,finished_products
530284,Dynamic,"(s,S)",4162.22,4409.38,1824.58,4409.38,6233.96,finished_products
530285,Dynamic,"(s,S)",2149.85,2252.13,1173.74,2252.13,3425.87,finished_products
530286,Dynamic,"(s,S)",6658.23,7207.3,2719.48,7207.3,9926.79,finished_products
530287,Dynamic,"(s,S)",4920.64,5380.22,2488.0,5380.22,7868.22,finished_products
530289,Dynamic,"(s,S)",4116.33,4449.81,2119.35,4449.81,6569.16,finished_products
530290,Dynamic,"(s,S)",11979.63,12824.59,3373.57,12824.59,16198.16,finished_products
530291,Dynamic,"(s,S)",4429.57,4836.68,2341.67,4836.68,7178.35,finished_products
530293,Dynamic,"(s,S)",7068.72,7566.62,2589.66,7566.62,10156.27,finished_products
530294,Dynamic,"(s,S)",3568.26,3736.32,1504.55,3736.32,5240.87,finished_products
530295,Dynamic,"(s,S)",10221.8,11123.96,3485.9,11123.96,14609.86,finished_products
530297,MTS,EOQ-ROP,2922.86,4205.54,4156.54,4205.54,8362.08,finished_products
530299,MTS,EOQ-ROP,5890.06,8396.43,5810.25,8396.43,14206.68,finished_products
530301,Dynamic,"(s,S)",8850.6,9670.48,3323.14,9670.48,12993.62,finished_products
530302,MTS,EOQ-ROP,4155.86,6825.06,5996.02,6825.06,12821.08,finished_products
530308,Dynamic,"(s,S)",1520.82,1590.83,971.03,1590.83,2561.85,finished_products
530309,Dynamic,"(s,S)",8144.17,8678.54,2682.82,8678.54,11361.36,finished_products
530311,Dynamic,"(s,S)",4812.55,5092.03,1940.21,5092.03,7032.24,finished_products
530312,Dynamic,"(s,S)",4251.45,4462.04,1684.21,4462.04,6146.26,finished_products
530313,Dynamic,"(s,S)",8612.97,9031.76,2375.03,9031.76,11406.79,finished_products
530315,Dynamic,"(s,S)",6360.97,6796.19,2421.19,6796.19,9217.38,finished_products
530317,Dynamic,"(s,S)",11346.68,12448.34,3852.09,12448.34,16300.43,finished_products
530318,Dynamic,"(s,S)",2171.05,2276.07,1189.32,2276.07,3465.39,finished_products
530320,Dynamic,"(s,S)",12432.98,13369.98,3552.55,13369.98,16922.53,finished_products
530322,Dynamic,"(s,S)",12019.41,12803.27,3249.31,12803.27,16052.58,finished_products
530326,Dynamic,"(s,S)",24003.22,25159.68,3946.74,25159.68,29106.42,finished_products
530328,Dynamic,"(s,S)",13580.4,14397.44,3317.37,14397.44,17714.82,finished_products
530329,Dynamic,"(s,S)",6280.14,6575.06,1993.08,6575.06,8568.14,finished_products
530330,Dynamic,"(s,S)",10045.94,10804.14,3195.68,10804.14,13999.82,finished_products
530334,Dynamic,"(s,S)",8848.29,9474.58,2904.42,9474.58,12378.99,finished_products
530337,Dynamic,"(s,S)",15605.67,17052.08,4413.86,17052.08,21465.94,finished_products
530338,Dynamic,"(s,S)",4129.9,4435.07,2027.43,4435.07,6462.51,finished_products
530339,Dynamic,"(s,S)",6209.1,6689.37,2543.4,6689.37,9232.77,finished_products
530340,Dynamic,"(s,S)",2066.36,2162.45,1137.66,2162.45,3300.11,finished_products
530342,Dynamic,"(s,S)",22492.59,23556.79,3786.02,23556.79,27342.8,finished_products
530343,Dynamic,"(s,S)",6243.89,6548.74,2026.37,6548.74,8575.12,finished_products
530346,Dynamic,"(s,S)",3249.44,3425.58,1540.27,3425.58,4965.85,finished_products
530348,Dynamic,"(s,S)",986.44,1031.84,781.95,1031.84,1813.79,finished_products
530349,Dynamic,"(s,S)",10408.78,11076.14,2998.15,11076.14,14074.3,finished_products
530353,Dynamic,"(s,S)",792.55,836.91,772.92,836.91,1609.83,finished_products
530354,Dynamic,"(s,S)",1217.76,1291.91,999.39,1291.91,2291.3,finished_products
530355,Dynamic,"(s,S)",3821.81,4003.71,1565.28,4003.71,5568.99,finished_products
530356,Dynamic,"(s,S)",1446.34,1512.64,945.0,1512.64,2457.65,finished_products
530361,MTO,,0.0,0.0,0.0,0.0,0.0,raw_material
530373,Dynamic,"(s,S)",1918.9,2015.21,1138.92,2015.21,3154.12,finished_products
530374,Dynamic,"(s,S)",7212.64,7614.95,2327.83,7614.95,9942.78,finished_products
530378,Dynamic,"(s,S)",10413.14,11164.45,3181.14,11164.45,14345.59,finished_products
530384,MTS,EOQ-ROP,6104.13,8688.91,5900.44,8688.91,14589.35,finished_products
530385,MTS,EOQ-ROP,6277.19,8198.54,5087.17,8198.54,13285.71,finished_products
530392,Dynamic,"(s,S)",10525.04,11307.64,3246.69,11307.64,14554.32,finished_products
530393,Dynamic,"(s,S)",1135.8,1215.29,1034.76,1215.29,2250.05,finished_products
530394,Dynamic,"(s,S)",13064.53,14062.13,3665.65,14062.13,17727.78,finished_products
530396,Dynamic,"(s,S)",2412.52,2523.08,1220.31,2523.08,3743.39,finished_products
530397,Dynamic,"(s,S)",2839.52,3015.67,1540.32,3015.67,4555.99,finished_products
530399,Dynamic,"(s,S)",3249.32,3466.51,1710.39,3466.51,5176.9,finished_products
530400,Dynamic,"(s,S)",1850.22,1971.23,1276.66,1971.23,3247.89,finished_products
530401,Dynamic,"(s,S)",2571.63,2804.55,1771.26,2804.55,4575.81,finished_products
530402,Dynamic,"(s,S)",881.08,922.43,746.32,922.43,1668.75,finished_products
530404,Dynamic,"(s,S)",3215.7,3452.0,1784.04,3452.0,5236.04,finished_products
530405,Dynamic,"(s,S)",4425.98,4648.45,1731.04,4648.45,6379.49,finished_products
530406,Dynamic,"(s,S)",6253.7,6775.25,2650.45,6775.25,9425.7,finished_products
530407,Dynamic,"(s,S)",5824.23,6278.72,2474.2,6278.72,8752.92,finished_products
530408,Dynamic,"(s,S)",1447.88,1525.82,1024.6,1525.82,2550.42,finished_products
530412,Dynamic,"(s,S)",4029.7,4300.12,1908.49,4300.12,6208.61,finished_products
530414,Dynamic,"(s,S)",1591.31,1714.59,1288.62,1714.59,3003.21,finished_products
530415,Dynamic,"(s,S)",4040.17,4318.09,1934.78,4318.09,6252.87,finished_products
530416,Dynamic,"(s,S)",4985.65,5364.56,2259.1,5364.56,7623.66,finished_products
530417,Dynamic,"(s,S)",6822.61,7325.63,2602.96,7325.63,9928.59,finished_products
530421,Dynamic,"(s,S)",1242.4,1302.99,903.37,1302.99,2206.36,finished_products
530422,MTO,,0.0,0.0,0.0,0.0,0.0,raw_material
530424,Dynamic,"(s,S)",3039.14,3178.45,1369.79,3178.45,4548.24,finished_products
530425,Dynamic,"(s,S)",4123.12,4364.8,1804.2,4364.8,6169.0,finished_products
530426,Dynamic,"(s,S)",4813.68,5110.5,1999.46,5110.5,7109.96,finished_products
530427,Dynamic,"(s,S)",4682.51,5051.39,2229.03,5051.39,7280.42,finished_products
530429,Dynamic,"(s,S)",1526.68,1600.18,995.01,1600.18,2595.19,finished_products
530430,Dynamic,"(s,S)",3311.81,3560.32,1829.56,3560.32,5389.88,finished_products
530431,MTS,EOQ-ROP,4188.13,6078.53,5046.03,6078.53,11124.56,finished_products
530433,Dynamic,"(s,S)",3685.97,3928.61,1807.81,3928.61,5736.42,finished_products
530434,Dynamic,"(s,S)",513.17,536.69,562.88,536.69,1099.57,finished_products
530435,MTO,,0.0,0.0,0.0,0.0,0.0,raw_material
530436,Dynamic,"(s,S)",5060.47,5292.37,1767.37,5292.37,7059.75,finished_products
530437,MTS,EOQ-ROP,3820.52,4812.51,3655.34,4812.51,8467.85,finished_products
530438,Dynamic,"(s,S)",6510.73,6899.84,2289.35,6899.84,9189.19,finished_products
530439,Dynamic,"(s,S)",733.06,773.29,736.08,773.29,1509.36,finished_products
530442,MTO,,0.0,0.0,0.0,0.0,0.0,raw_material
530445,Dynamic,"(s,S)",4581.67,4885.27,2022.2,4885.27,6907.47,finished_products
530448,MTO,,0.0,0.0,0.0,0.0,0.0,raw_material
530449,Dynamic,"(s,S)",4852.11,5091.93,1797.28,5091.93,6889.21,finished_products
530450,Dynamic,"(s,S)",6696.26,7177.06,2544.81,7177.06,9721.86,finished_products
530465,MTO,,0.0,0.0,0.0,0.0,0.0,raw_material
530467,Dynamic,"(s,S)",4015.63,4265.19,1833.39,4265.19,6098.58,finished_products
530489,Dynamic,"(s,S)",4867.73,5271.5,2332.04,5271.5,7603.54,finished_products
530490,Dynamic,"(s,S)",4959.55,5186.93,1750.06,5186.93,6936.99,finished_products
530493,MTO,,0.0,0.0,0.0,0.0,0.0,raw_material
530496,Dynamic,"(s,S)",3434.51,3639.86,1663.11,3639.86,5302.97,finished_products
530497,MTO,,0.0,0.0,0.0,0.0,0.0,raw_material
530500,Dynamic,"(s,S)",430.34,450.06,515.44,450.06,965.5,finished_products
530503,MTO,,0.0,0.0,0.0,0.0,0.0,raw_material
530505,Dynamic,"(s,S)",5095.33,5488.43,2301.05,5488.43,7789.49,finished_products
530506,MTO,,0.0,0.0,0.0,0.0,0.0,raw_material
530507,Dynamic,"(s,S)",6203.1,6542.87,2139.27,6542.87,8682.15,finished_products
530508,Dynamic,"(s,S)",5683.31,5950.59,1897.38,5950.59,7847.97,finished_products
530509,MTO,,0.0,0.0,0.0,0.0,0.0,raw_material
530511,Dynamic,"(s,S)",567.72,594.45,600.09,594.45,1194.54,finished_products
530512,Dynamic,"(s,S)",3303.82,3456.31,1433.19,3456.31,4889.5,finished_products
530515,Dynamic,"(s,S)",455.39,477.07,540.41,477.07,1017.48,finished_products
530516,MTO,,0.0,0.0,0.0,0.0,0.0,raw_material
530521,MTO,,0.0,0.0,0.0,0.0,0.0,raw_material
530523,MTO,,0.0,0.0,0.0,0.0,0.0,raw_material
530524,MTO,,0.0,0.0,0.0,0.0,0.0,raw_material
530525,MTO,,0.0,0.0,0.0,0.0,0.0,raw_material
530526,MTO,,0.0,0.0,0.0,0.0,0.0,raw_material
530527,MTO,,0.0,0.0,0.0,0.0,0.0,raw_material
530528,MTO,,0.0,0.0,0.0,0.0,0.0,raw_material
530529,MTO,,0.0,0.0,0.0,0.0,0.0,raw_material
530531,MTO,,0.0,0.0,0.0,0.0,0.0,raw_material
530532,MTO,,0.0,0.0,0.0,0.0,0.0,raw_material
530533,MTO,,0.0,0.0,0.0,0.0,0.0,raw_material
530534,Dynamic,"(s,S)",507.95,531.23,559.94,531.23,1091.17,finished_products
530535,Dynamic,"(s,S)",673.83,708.1,679.38,708.1,1387.48,finished_products
530542,Dynamic,"(s,S)",1226.6,1287.31,904.24,1287.31,2191.55,finished_products
530543,Dynamic,"(s,S)",2620.05,2760.64,1376.06,2760.64,4136.69,finished_products
530544,MTO,,0.0,0.0,0.0,0.0,0.0,raw_material
530547,MTO,,0.0,0.0,0.0,0.0,0.0,raw_material
530548,MTO,,0.0,0.0,0.0,0.0,0.0,raw_material
530549,MTO,,0.0,0.0,0.0,0.0,0.0,raw_material
530550,MTO,,0.0,0.0,0.0,0.0,0.0,raw_material
530551,MTO,,0.0,0.0,0.0,0.0,0.0,raw_material
530552,MTO,,0.0,0.0,0.0,0.0,0.0,raw_material
530553,MTO,,0.0,0.0,0.0,0.0,0.0,raw_material
600002,MTS,EOQ-ROP,1671.62,2448.27,3234.35,2448.27,5682.62,finished_products
600019,Dynamic,"(s,S)",2249.46,2374.44,1297.48,2374.44,3671.92,finished_products
600027,Dynamic,"(s,S)",2577.92,2723.11,1398.42,2723.11,4121.53,finished_products
600045,Dynamic,"(s,S)",2149.19,2252.21,1178.0,2252.21,3430.22,finished_products
600046,MTO,,0.0,0.0,0.0,0.0,0.0,raw_material
600047,Dynamic,"(s,S)",2335.05,2464.09,1318.35,2464.09,3782.44,finished_products
600049,MTO,,0.0,0.0,0.0,0.0,0.0,raw_material
600050,MTO,,0.0,0.0,0.0,0.0,0.0,raw_material
600063,MTO,,0.0,0.0,0.0,0.0,0.0,raw_material
600074,Dynamic,"(s,S)",2540.62,2677.79,1359.29,2677.79,4037.09,finished_products
600082,MTO,,0.0,0.0,0.0,0.0,0.0,raw_material
600086,MTO,,0.0,0.0,0.0,0.0,0.0,raw_material
600088,MTO,,0.0,0.0,0.0,0.0,0.0,raw_material
600092,MTO,,0.0,0.0,0.0,0.0,0.0,raw_material
600094,MTO,,0.0,0.0,0.0,0.0,0.0,raw_material
600104,Dynamic,"(s,S)",6953.17,7675.52,3119.23,7675.52,10794.75,finished_products
600123,MTO,,0.0,0.0,0.0,0.0,0.0,raw_material
600378,Dynamic,"(s,S)",7257.22,7719.03,2494.05,7719.03,10213.08,finished_products
600404,MTO,,0.0,0.0,0.0,0.0,0.0,raw_material
600409,Dynamic,"(s,S)",3661.19,3842.74,1563.77,3842.74,5406.51,finished_products
600410,Dynamic,"(s,S)",11643.8,12420.96,3235.39,12420.96,15656.35,finished_products
600415,Dynamic,"(s,S)",9512.7,10260.98,3174.72,10260.98,13435.7,finished_products
600417,Dynamic,"(s,S)",8418.18,8992.5,2781.3,8992.5,11773.8,finished_products
600418,Dynamic,"(s,S)",22818.67,24334.49,4518.52,24334.49,28853.01,finished_products
600420,Dynamic,"(s,S)",10410.44,11450.14,3742.2,11450.14,15192.34,finished_products
600423,Dynamic,"(s,S)",2213.76,3429.66,4046.89,3429.66,7476.55,finished_products
600428,Dynamic,"(s,S)",1860.22,2002.36,1383.64,2002.36,3386.0,finished_products
600431,Dynamic,"(s,S)",7111.99,7781.1,3002.07,7781.1,10783.17,finished_products
600435,MTO,,0.0,0.0,0.0,0.0,0.0,raw_material
600436,MTO,,0.0,0.0,0.0,0.0,0.0,raw_material
600442,Dynamic,"(s,S)",1649.71,1781.5,1332.36,1781.5,3113.86,finished_products
600443,Dynamic,"(s,S)",3523.54,3855.39,2114.21,3855.39,5969.6,finished_products
600444,Dynamic,"(s,S)",12331.04,13272.56,3561.12,13272.56,16833.67,finished_products
600446,MTO,,0.0,0.0,0.0,0.0,0.0,raw_material
600450,MTO,,0.0,0.0,0.0,0.0,0.0,raw_material
600481,Comakership,EOQ-ROP,2584.77,4110.55,4533.34,4110.55,8643.89,finished_products
600513,MTO,,0.0,0.0,0.0,0.0,0.0,raw_material
600530,MTO,,0.0,0.0,0.0,0.0,0.0,raw_material
600533,MTO,,0.0,0.0,0.0,0.0,0.0,raw_material
600621,MTO,,0.0,0.0,0.0,0.0,0.0,raw_material
600713,MTO,,0.0,0.0,0.0,0.0,0.0,raw_material
600777,Dynamic,"(s,S)",449.44,470.16,528.2,470.16,998.36,finished_products
600792,MTO,,0.0,0.0,0.0,0.0,0.0,raw_material
600899,MTO,,0.0,0.0,0.0,0.0,0.0,raw_material
600916,MTO,,0.0,0.0,0.0,0.0,0.0,raw_material
600919,MTO,,0.0,0.0,0.0,0.0,0.0,raw_material
600928,MTO,,0.0,0.0,0.0,0.0,0.0,raw_material
600931,Dynamic,"(s,S)",5139.61,5397.82,1864.89,5397.82,7262.71,finished_products
600932,Dynamic,"(s,S)",16217.32,17604.88,4323.13,17604.88,21928.01,finished_products
600940,MTO,,0.0,0.0,0.0,0.0,0.0,raw_material
600941,MTO,,0.0,0.0,0.0,0.0,0.0,raw_material
600942,MTO,,0.0,0.0,0.0,0.0,0.0,raw_material
600944,MTO,,0.0,0.0,0.0,0.0,0.0,raw_material
600945,MTO,,0.0,0.0,0.0,0.0,0.0,raw_material
600946,Dynamic,"(s,S)",1831.14,1952.0,1275.88,1952.0,3227.88,finished_products
600947,Dynamic,"(s,S)",2919.52,3159.15,1796.56,3159.15,4955.71,finished_products
600951,MTO,,0.0,0.0,0.0,0.0,0.0,raw_material
600952,Dynamic,"(s,S)",1792.06,1918.63,1305.68,1918.63,3224.32,finished_products
600954,MTO,,0.0,0.0,0.0,0.0,0.0,raw_material
600955,MTO,,0.0,0.0,0.0,0.0,0.0,raw_material
600958,MTO,,0.0,0.0,0.0,0.0,0.0,raw_material
600959,MTO,,0.0,0.0,0.0,0.0,0.0,raw_material
600962,MTO,,0.0,0.0,0.0,0.0,0.0,raw_material
600963,Dynamic,"(s,S)",4370.83,4619.47,1830.03,4619.47,6449.5,finished_products
600973,Dynamic,"(s,S)",3513.87,3691.35,1546.17,3691.35,5237.52,finished_products
600974,MTO,,0.0,0.0,0.0,0.0,0.0,raw_material
600975,MTO,,0.0,0.0,0.0,0.0,0.0,raw_material
600976,Dynamic,"(s,S)",5480.95,5805.69,2091.41,5805.69,7897.1,finished_products
600977,MTO,,0.0,0.0,0.0,0.0,0.0,raw_material
600980,MTO,,0.0,0.0,0.0,0.0,0.0,raw_material
600981,MTO,,0.0,0.0,0.0,0.0,0.0,raw_material
600984,MTO,,0.0,0.0,0.0,0.0,0.0,raw_material
600985,MTO,,0.0,0.0,0.0,0.0,0.0,raw_material
600986,MTO,,0.0,0.0,0.0,0.0,0.0,raw_material
600987,MTO,,0.0,0.0,0.0,0.0,0.0,raw_material
600988,MTO,,0.0,0.0,0.0,0.0,0.0,raw_material
600991,Dynamic,"(s,S)",2282.73,2389.62,1199.88,2389.62,3589.5,finished_products
600992,Dynamic,"(s,S)",2102.17,2214.96,1232.57,2214.96,3447.54,finished_products
600993,MTO,,0.0,0.0,0.0,0.0,0.0,raw_material
600994,MTO,,0.0,0.0,0.0,0.0,0.0,raw_material
600996,MTO,,0.0,0.0,0.0,0.0,0.0,raw_material
610002,MTS,EOQ-ROP,8962.43,14883.19,8930.2,14883.19,23813.39,finished_products
610003,Dynamic,"(s,S)",5233.18,5685.26,2467.62,5685.26,8152.87,finished_products
610004,MTS,EOQ-ROP,11189.05,18332.54,9809.06,18332.54,28141.6,finished_products
610005,Dynamic,"(s,S)",1462.22,1536.29,998.82,1536.29,2535.11,finished_products
610006,MTO,,0.0,0.0,0.0,0.0,0.0,raw_material
610007,MTO,,0.0,0.0,0.0,0.0,0.0,raw_material
610011,Dynamic,"(s,S)",3599.61,3785.44,1582.08,3785.44,5367.52,finished_products
610012,MTO,,0.0,0.0,0.0,0.0,0.0,raw_material
610016,Dynamic,"(s,S)",1857.82,1954.62,1141.87,1954.62,3096.49,finished_products
610019,MTO,,0.0,0.0,0.0,0.0,0.0,raw_material
610021,Dynamic,"(s,S)",1883.56,2040.97,1456.1,2040.97,3497.07,finished_products
610022,Dynamic,"(s,S)",3501.83,3691.11,1596.69,3691.11,5287.79,finished_products
610023,Dynamic,"(s,S)",2208.91,2365.46,1452.11,2365.46,3817.57,finished_products
610025,MTO,,0.0,0.0,0.0,0.0,0.0,raw_material
610028,MTO,,0.0,0.0,0.0,0.0,0.0,raw_material
610029,Dynamic,"(s,S)",1016.73,1065.04,806.67,1065.04,1871.71,finished_products
610030,MTO,,0.0,0.0,0.0,0.0,0.0,raw_material
610031,Dynamic,"(s,S)",1137.42,1205.3,956.23,1205.3,2161.54,finished_products
610034,Dynamic,"(s,S)",1591.11,1689.41,1150.62,1689.41,2840.03,finished_products
610035,MTO,,0.0,0.0,0.0,0.0,0.0,raw_material
610036,Dynamic,"(s,S)",1589.95,1716.48,1305.46,1716.48,3021.95,finished_products
610037,MTO,,0.0,0.0,0.0,0.0,0.0,raw_material
610039,MTO,,0.0,0.0,0.0,0.0,0.0,raw_material
610041,Dynamic,"(s,S)",1401.83,1471.52,968.81,1471.52,2440.33,finished_products
610043,Dynamic,"(s,S)",1981.14,2097.82,1253.61,2097.82,3351.43,finished_products
610046,MTO,,0.0,0.0,0.0,0.0,0.0,raw_material
610047,MTO,,0.0,0.0,0.0,0.0,0.0,raw_material
610049,MTO,,0.0,0.0,0.0,0.0,0.0,raw_material
610051,MTO,,0.0,0.0,0.0,0.0,0.0,raw_material
610055,MTO,,0.0,0.0,0.0,0.0,0.0,raw_material
610057,MTO,,0.0,0.0,0.0,0.0,0.0,raw_material
610058,Dynamic,"(s,S)",2317.78,2449.71,1333.05,2449.71,3782.76,finished_products
610059,Dynamic,"(s,S)",2329.49,2461.19,1331.92,2461.19,3793.12,finished_products
610060,MTO,,0.0,0.0,0.0,0.0,0.0,raw_material
610061,MTO,,0.0,0.0,0.0,0.0,0.0,raw_material
610063,MTO,,0.0,0.0,0.0,0.0,0.0,raw_material
610068,MTO,,0.0,0.0,0.0,0.0,0.0,raw_material
610072,MTO,,0.0,0.0,0.0,0.0,0.0,raw_material
610073,MTO,,0.0,0.0,0.0,0.0,0.0,raw_material
610074,MTO,,0.0,0.0,0.0,0.0,0.0,raw_material
610077,MTO,,0.0,0.0,0.0,0.0,0.0,raw_material
610078,MTO,,0.0,0.0,0.0,0.0,0.0,raw_material
610081,MTO,,0.0,0.0,0.0,0.0,0.0,raw_material
610083,MTO,,0.0,0.0,0.0,0.0,0.0,raw_material
610085,MTO,,0.0,0.0,0.0,0.0,0.0,raw_material
610087,MTO,,0.0,0.0,0.0,0.0,0.0,raw_material
610089,MTO,,0.0,0.0,0.0,0.0,0.0,raw_material
610090,MTO,,0.0,0.0,0.0,0.0,0.0,raw_material
610093,MTO,,0.0,0.0,0.0,0.0,0.0,raw_material
610094,MTO,,0.0,0.0,0.0,0.0,0.0,raw_material
610101,MTO,,0.0,0.0,0.0,0.0,0.0,raw_material
610103,MTO,,0.0,0.0,0.0,0.0,0.0,raw_material
610104,MTO,,0.0,0.0,0.0,0.0,0.0,raw_material
610106,MTO,,0.0,0.0,0.0,0.0,0.0,raw_material
610107,MTO,,0.0,0.0,0.0,0.0,0.0,raw_material
610110,MTO,,0.0,0.0,0.0,0.0,0.0,raw_material
610115,Dynamic,"(s,S)",3031.97,3253.63,1727.89,3253.63,4981.52,finished_products
610118,MTO,,0.0,0.0,0.0,0.0,0.0,raw_material
610119,Dynamic,"(s,S)",2267.81,2395.08,1309.3,2395.08,3704.38,finished_products
610124,MTO,,0.0,0.0,0.0,0.0,0.0,raw_material
610131,MTO,,0.0,0.0,0.0,0.0,0.0,raw_material
610132,MTO,,0.0,0.0,0.0,0.0,0.0,raw_material
610159,Dynamic,"(s,S)",1700.41,1791.36,1106.82,1791.36,2898.18,finished_products
610171,MTO,,0.0,0.0,0.0,0.0,0.0,raw_material
610180,Dynamic,"(s,S)",1415.28,1491.07,1010.37,1491.07,2501.44,finished_products
610210,Dynamic,"(s,S)",2161.85,2292.92,1328.69,2292.92,3621.62,finished_products
610263,MTO,,0.0,0.0,0.0,0.0,0.0,raw_material
610312,Dynamic,"(s,S)",2075.19,2232.75,1456.79,2232.75,3689.54,finished_products
610383,MTO,,0.0,0.0,0.0,0.0,0.0,raw_material
610390,MTO,,0.0,0.0,0.0,0.0,0.0,raw_material
610450,MTO,,0.0,0.0,0.0,0.0,0.0,raw_material
610479,MTO,,0.0,0.0,0.0,0.0,0.0,raw_material
610517,MTO,,0.0,0.0,0.0,0.0,0.0,raw_material
610537,MTO,,0.0,0.0,0.0,0.0,0.0,raw_material
610543,Dynamic,"(s,S)",27656.31,29152.63,4489.36,29152.63,33641.99,finished_products
610546,MTO,,0.0,0.0,0.0,0.0,0.0,raw_material
610558,Dynamic,"(s,S)",7541.89,7892.27,2172.41,7892.27,10064.68,finished_products
610560,Dynamic,"(s,S)",37810.99,41088.43,6644.16,41088.43,47732.59,finished_products
610561,MTO,,0.0,0.0,0.0,0.0,0.0,raw_material
610562,MTS,EOQ-ROP,8450.99,12006.42,6920.19,12006.42,18926.61,finished_products
610563,Dynamic,"(s,S)",2259.87,2363.47,1181.28,2363.47,3544.76,finished_products
610565,MTO,,0.0,0.0,0.0,0.0,0.0,raw_material
610570,MTO,,0.0,0.0,0.0,0.0,0.0,raw_material
610571,MTO,,0.0,0.0,0.0,0.0,0.0,raw_material
610572,MTO,,0.0,0.0,0.0,0.0,0.0,raw_material
610573,MTO,,0.0,0.0,0.0,0.0,0.0,raw_material
800003,Dynamic,"(s,S)",3279.54,3430.33,1425.17,3430.33,4855.5,finished_products
800004,Dynamic,"(s,S)",9239.23,9698.32,2486.71,9698.32,12185.03,finished_products
800056,Dynamic,"(s,S)",6382.3,6762.6,2263.25,6762.6,9025.85,finished_products
880156,MTO,,0.0,0.0,0.0,0.0,0.0,raw_material
